id,customer_id,age,income_fcfa,city,country,signup_date,last_purchase_date,gender,segment,product_category,quantity,unit_price_fcfa,total_amount_fcfa,payment_method,email,phone,is_member,latitude,longitude
1,25795,43,810409.0,Dakar,Senegal,2022-12-25,2022-08-30,M,Standard,Equipment,3,25194,75582,BankTransfer,user25795@companymail.com,+221 388642288,yes,14.193702999914109,-17.793361389749016
2,10860,23,385954.0,Abidjan,Cote dIvoire,2023-10-17,2025-05-06,M,Corporate,Logistics,4,45685,182740,BankTransfer,user10860@yahoo.com,309479,1,12.292866207542334,-18.429678206114026
3,86820,64,1318884.0,Thiès,Mauritania,2022-04-15,2024-09-18,female,Standard,Transport,5,38413,209072,Cheque,user86820@example.com,399388,no,17.88188271710821,-16.339458046654723
4,64886,28,472439.0,Kaolack,Senegal,2022-02-25,2023-04-05,M,Budget	,Travel,2,11771,23542,BankTransfer,user64886@gmail.com,+221737526264,0,13.379337474399767,-16.83132041847397
5,16265,32,394415.0,Abidjan,Senegal,2022-07-17,2024-01-09,Unknown,Standard,Consulting,5,39091,195455,Card,user16265@yahoo.com,00221737929854,yes,15.684966969489244,-16.027797771624765
6,92386,37,372097.0,,Senegal,2024-08-13,2025-07-16,male,Corporate,Transport,6,31977,191862,MobileMoney,user92386@companymail.com,+221215064389,False,13.758653710035638,-16.983073042910146
7,47194,40,388669.0,Thiès,Cote dIvoire,2025-09-25,2025-06-08,male,Budget,Transport,2,33653,67306,Cash,user47194@example..com,+221325460411,1,13.469225380474972,-16.146955784948254
8,97498,43,480939.0,Saint-Louis,Senegal,2024-03-23,2024-01-12,male,Budget,Equipment,3,24956,74868,BankTransfer,user97498@yahoo.com,+221189234334,True,10.879491637437898,-17.119904421205213
9,54131,43,2031830.0,Saint-Louis,Senegal,2024-10-30,2022-06-16,M,Standard,Transport,6,39179,235074,BankTransfer,user54131@example.com,885259325,yes,15.896349205981133,-19.378280661648944
10,70263,33,367209.0,Dakar,Senegal,2022-01-09,2023-10-01,,Standard,Transport,10,47605,476050,BankTransfer,user70263@companymail.com,00221518750136,0,17.298362505258368,-17.387996219290212
11,26023,43,374441.0,Thiès,Senegal,2022-08-04,2025-10-16,,Standard,Logistics,6,27296,163776,Card,user26023@yahoo.com,+221 491090468,0,12.868064837269696,-19.54315967911206
12,51090,33,468063.0,Saint-Louis,Senegal,2022-08-29,2023-08-15,male,Budget,Transport,5,14811,74055,MobileMoney,user51090@gmail.com,+221045530293,no,11.609541770002657,-19.74112981419255
13,77221,42,865591.0,Saint-Louis,Cote dIvoire,2022-10-30,2024-03-09,M,VIP,Consulting,5,31363,190015,Cash,user77221@gmail.com,+221348388048,no,16.30663208547566,-18.408450008153252
14,74820,41,191839.0,Bamako,Mali,2025-03-23,2022-01-18,M,NGO,Transport,5,44075,220375,Cash,user74820@gmail.com,+221 319110290,1,11.407517301787497,-17.758269482207528
15,10769,44,591288.0,Saint-Louis,Cote dIvoire,2022-08-10,2023-02-27,FEMALE,Corporate,Consulting,4,29948,119792,MobileMoney,user10769example,+221 328078603,yes,17.139065871896516,-17.294324080956567
16,69735,43,275556.0,Kaolack,Senegal,2025-04-20,2024-03-19,M,Standard,Transport,3,17029,51087,Card,user69735@outlook.com,00221321056588,0,12.891209754090758,-14.650863517910008
17,72955,30,,Saint-Louis,Cote dIvoire,2022-01-25,2023-05-04,Unknown,Budget,Transport,3,44159,132477,Cheque,user72955@gmail.com,+221 180406851,yes,12.493414514350746,-18.895392247622528
18,74925,41,334619.0,Bamako,Mali,2024-12-07,2025-05-04,Unknown,Standard,Transport,8,51984,415872,Cash,user74925@yahoo.com,+221287679526,yes,15.196924842262582,-16.809444220575536
19,77969,43,112932.0,Abidjan,Mali,2022-11-09,2025-08-29,F,Standard,Travel,5,35240,176200,BankTransfer,user77969@example.com,+221 947667922,1,12.623721429977124,-17.045916858168543
20,15311,20,561715.0,Kaolack,Mauritania,2022-07-04,2021-10-17,M,Standard,Travel,4,15731,62924,MobileMoney,user15311@outlook..com,+221095597550,yes,13.28577783741358,-19.225884862398193
21,93104,32,558880.0,Abidjan,Senegal,2025-11-14,2023-02-17,M,Standard,Transport,2,31186,62372,BankTransfer,user93104@outlook.com,+221 698673807,False,15.407963865342012,-17.178777641380364
22,63707,42,317920.0,Thiès,Cote dIvoire,2022-03-02,2024-02-24,female,Budget,Equipment,2,36818,73636,BankTransfer,user63707@gmail.com,+221015428721,True,9.841775325666706,-14.391835754468058
23,95305,56,306814.0,Kaolack,Senegal,2023-12-12,2022-07-25,female,Standard,Consulting,3,25283,75849,BankTransfer,user95305@example.com,+221480924123,1,17.984838491856642,-16.840481349349798
24,38693,45,204880.0,Thiès,Mauritania,2023-01-12,2024-12-27,Unknown,Standard,Travel,3,42000,126000,Card,user38693@example.com,+221 808850574,0,14.787280264931475,-16.720248212918076
25,81932,56,,Saint-Louis,Senegal,2022-05-09,2025-10-21,,Budget,Transport,5,24110,120550,BankTransfer,user81932example,+221074791398,True,12.114067975192944,-19.515984992828002
26,35658,30,764007.0,Bamako,Cote dIvoire,2023-11-03,2025-05-25,female,Budget,Consulting,4,35308,141232,Cash,user35658@yahoo.com,562019660,yes,12.665509261426315,-11.493423446385371
27,94478,38,265554.0,Abidjan,Mali,2023-06-01,2024-04-04,M,VIP,Transport,5,32260,161300,Cash,user94478gmail,00221955660947,True,16.683292756521602,-19.3450691109675
28,28431,45,325475.0,Dakar,Cote dIvoire,2025-09-22,2025-12-01,M,Corporate,Transport,7,42390,302132,Card,user28431@companymail.com,263589,yes,15.902105870148207,-22.403350381642433
29,12747,18,433232.0,Bamako,Senegal,2024-09-28,2025-11-16,,Standard,Travel,3,34829,104487,BankTransfer,user12747@example.com,00221152016317,no,17.47356131457042,-14.81944763934577
30,69150,53,1757709.0,Ziguinchor,Senegal,2024-04-12,2022-12-20,M,Standard,Logistics,6,32642,195852,MobileMoney,user69150@companymail.com,+221100256848,no,13.33451431039153,-17.74445111894528
31,75725,18,624106.0,,Cote dIvoire,2024-09-07,2023-09-29,M,Standard,Transport,2,25366,50732,BankTransfer,user75725@outlook.com,00221278353815,1,15.293167674301605,-18.309125462841223
32,94654,47,,Dakar,Senegal,2022-01-24,2022-08-31,female,Standard,Transport,5,35417,177085,MobileMoney,user94654@example.com,+221293179709,yes,15.553135823567354,-19.03666134123458
33,45773,43,539971.0,,Senegal,2025-10-13,2024-07-18,F,Corporate,Equipment,3,31878,95634,Card,,561878933,no,16.090535000504474,-11.784856127052485
34,77435,18,197006.0,Dakar,Mali,2022-11-17,2024-02-07,,Standard,Consulting,6,24554,147324,BankTransfer,user77435@example..com,+221 076689610,no,16.95456224686414,-16.33622916418595
35,66886,18,692315.0,Dakar,Senegal,2025-12-25,2024-08-10,female,Budget,Transport,3,36914,110742,Cash,user66886@gmail.com,+221643499595,no,13.265472188311305,-15.750746335064743
36,76803,52,1229762.0,Thiès,Mali,2022-09-26,2022-03-24,M,VIP,Travel,5,39368,196840,BankTransfer,user76803@companymail..com,+221 235817818,0,14.471659464479037,-16.9121531292532
37,41551,50,1232898.0,Thiès,Senegal,2024-12-06,2025-07-03,MALE,Standard,Transport,3,30939,92817,Card,,517987,1,13.47970050883971,-16.58985115966441
38,21394,24,699373.0,Bamako,Senegal,2022-12-16,2024-10-14,F,NGO,Transport,7,46179,323253,MobileMoney,user21394@companymail.com,722888367,yes,14.594776253287248,-13.204126168321757
39,79092,24,317095.0,Ziguinchor,Cote dIvoire,2023-02-17,2022-03-29,F,Budget,Travel,3,38168,114504,Card,user79092@companymail.com,+221 408522907,yes,16.09686556412595,-18.152563983683084
40,13890,41,206171.0,Nouakchott,Mali,2025-02-10,2022-04-19,F,Standard,Transport,1,19594,19594,Cash,user13890@outlook.com,+221068577868,1,11.391928999478594,-21.770812636562187
41,51606,35,194246.0,Saint-Louis,Cote dIvoire,2022-11-30,2024-03-28,M,Standard,Transport,3,51049,153147,Card,user51606@outlook.com,+221057983188,no,16.918743138918572,-14.795836037316668
42,90038,48,83556.0,Abidjan,Mauritania,2023-03-28,2024-05-09,F,Standard,Logistics,4,44204,176816,Cash,user90038@yahoo.com,+221241203412,yes,12.4216357514725,-15.909895163272822
43,97313,41,682362.0,Abidjan,Senegal,2025-08-23,2025-01-19,M,Standard,Equipment,3,47022,141066,Card,user97313@gmail.com,+221568341534,no,14.085259360605537,-17.07606056134487
44,20627,54,423074.0,Bamako,Senegal,2023-11-11,2023-05-25,F,Budget,Transport,5,39806,199030,Cash,user20627@outlook.com,+221575973620,no,17.18788384993225,-15.98774027535664
45,18792,47,776485.0,Saint-Louis,Senegal,2023-09-28,2023-01-17,F,Budget,Travel,3,6947,20841,MobileMoney,user18792companymail,+221851795602,yes,15.35601943596681,-18.51223266088252
46,83969,44,,Abidjan,Senegal,2022-05-06,2025-05-13,Unknown,Standard ,Equipment,3,48111,144333,MobileMoney,user83969@example.com,+221900366451,no,15.37905989652732,-17.33792225143722
47,53001,31,477799.0,Dakar,Mauritania,2025-02-15,2025-05-06,Unknown,Corporate,Transport,5,35729,178645,MobileMoney,user53001@gmail.com,+221859328656,0,12.338747909409777,-17.79510076157973
48,86552,30,491187.0,Thiès,Senegal,2022-09-22,2024-09-03,M,Standard,Equipment,2,39239,78478,BankTransfer,user86552@gmail.com,422170728,no,12.611828128352318,-19.174464771212747
49,33897,34,340582.0,Kaolack,Senegal,2024-03-01,2024-04-06,F,Standard,Transport,2,41485,82970,MobileMoney,,198504,0,16.582512793337838,-13.83248165068499
50,78148,57,365621.0,Ziguinchor,Senegal,2022-06-24,2025-09-27,F,Standard,Transport,5,58235,291175,MobileMoney,user78148@yahoo..com,+221563041730,yes,13.52171290903122,-21.6367758822534
51,33483,30,696682.0,Dakar,Mali,2024-12-09,2025-06-27,M,Standard,Equipment,4,28445,113780,MobileMoney,user33483@gmail.com,128812,no,13.7101762534003,-10.3173534845611
52,58555,38,405298.0,Nouakchott,Mali,2024-07-08,2024-04-16,Unknown,Standard,Travel,9,28755,258795,Card,user58555@outlook.com,+221 801192929,no,16.62790250210942,-14.767913372380573
53,27159,18,371609.0,Bamako,Senegal,2022-09-24,2023-03-03,female,Standard,Transport,2,24788,49576,MobileMoney,user27159@example.com,177718,1,12.600172909260944,-22.73392660410705
54,90077,5,,Kaolack,Mauritania,2023-12-27,2023-08-07,M,Standard,Transport,5,22161,110805,Cash,user90077@yahoo.com,467815851,1,15.238470265772515,-18.072498988472788
55,45920,62,765895.0,Nouakchott,Senegal,2024-03-08,2025-04-18,F,Standard	,Logistics,3,22382,37311,BankTransfer,user45920@outlook.com,00221246992893,0,14.785814652335382,-17.90563774771067
56,77121,24,,Saint-Louis,Senegal,2025-12-30,2023-12-30,M,Budget,Transport,3,12779,38337,MobileMoney,user77121@gmail.com,+221242439257,1,14.694628548273515,-16.22434011317366
57,79479,73,432391.0,Nouakchott,Cote dIvoire,2024-08-05,2024-08-14,female,Standard,Transport,4,40120,160480,Card,user79479@example.com,00221385424435,yes,13.663128736244992,-20.36813481221916
58,99475,37,521346.0,Kaolack,Senegal,2024-04-27,2024-01-11,M,Standard,Transport,5,58854,294270,MobileMoney,user99475@example.com,+221 066381026,1,13.540289637073343,-17.303923969895347
59,29457,18,902691.0,Dakar,Mauritania,2024-08-15,2023-03-23,FEMALE,Budget,Consulting,4,250000,1000000,Cash,user29457@outlook.com,+221524820407,0,12.543271672410269,-17.76335819436794
60,76557,30,389814.0,Abidjan,Mauritania,2025-07-21,2025-07-14,Unknown,Corporate,Transport,5,24772,123860,Card,user76557example,+221184630702,False,15.665330052082613,-19.612855087720316
61,87189,51,292526.0,Bamako,Mali,2022-05-25,2022-01-31,F,Corporate,Transport,6,31734,190404,Cash,,718331096,1,13.363701616966527,-20.030256694413694
62,88953,59,336511.0,Abidjan,Cote dIvoire,2025-09-20,2022-06-25,male,Standard,Equipment,6,49800,298800,MobileMoney,user88953@outlook.com,238508,1,16.637489242334503,-14.643586059892927
63,62995,44,846476.0,Nouakchott,Senegal,2024-11-10,2022-10-03,,Standard,Equipment,3,40188,120564,MobileMoney,user62995@gmail.com,+221767819472,no,14.250889916818693,-22.48974762012778
64,50757,54,,Abidjan,Mauritania,2022-09-26,2024-10-21,male,Standard,Logistics,6,36614,219684,BankTransfer,user50757@outlook.com,556277872,True,12.583099021157924,-15.966363191711844
65,19692,21,204587.0,Bamako,Senegal,2022-06-08,2024-12-10,M,VIP,Transport,4,31919,127676,Cash,user19692companymail,021759715,False,95.0,0.0
66,55758,27,233240.0,Abidjan,Cote dIvoire,2023-03-13,2022-07-04,F,Corporate,Consulting,6,49140,294840,MobileMoney,user55758@gmail.com,+221842170951,0,13.87828560172705,-18.055675015015247
67,82409,18,406657.0,Bamako,Mauritania,2023-02-18,2024-11-06,,Standard,Transport,4,22123,88492,MobileMoney,user82409@companymail.com,00221052527438,no,16.718206823456104,-17.24288148082501
68,81211,28,480978.0,Saint-Louis,Mauritania,2022-12-21,2022-06-17,female,Standard,Transport,7,40771,285397,Cash,user81211yahoo,377730,yes,13.961999621496934,-13.909515000907854
69,75697,44,721570.0,Abidjan,Cote dIvoire,2022-07-26,2023-12-04,female,Standard,Equipment,2,39139,78278,MobileMoney,user75697@yahoo.com,+221919288863,0,14.147579237599349,-19.51455453217217
70,47065,38,263636.0,Dakar,Senegal,2024-10-19,2024-09-25,,Standard,Transport,2,35520,71040,Cash,user47065@example.com,+221739917698,1,17.52309341098487,-19.20495728666737
71,42606,45,237789.0,Bamako,Mauritania,2023-05-24,2022-01-26,,Budget,Transport,5,44453,222265,Cash,,+221451193748,0,15.716534642926698,-18.886451043297924
72,21534,24,488872.0,Abidjan,Mali,2022-11-02,2023-07-23,,Standard,Transport,4,35405,141620,MobileMoney,user21534@yahoo.com,970838,yes,18.025412032006994,-13.904023202330155
73,50397,24,385371.0,Bamako,Mauritania,2025-04-18,2025-09-13,M,Standard,Transport,8,28586,228688,MobileMoney,user50397@companymail.com,+221282383265,1,17.21809000812781,-13.523118759345877
74,11016,37,784683.0,Bamako,Mali,2022-09-24,2022-12-16,male,Standard,Transport,3,36110,108330,Cash,user11016@yahoo.com,00221970355644,no,12.92567482327429,-21.587670703390856
75,99789,28,602847.0,Abidjan,Senegal,2022-12-20,2024-09-30,Unknown,Standard,Travel,1,15895,15895,Cash,user99789@yahoo.com,569908768,0,,-14.381277758065089
76,65591,51,627959.0,Saint-Louis,Senegal,2025-10-25,2022-08-28,Unknown,Standard,Transport,3,42353,127059,Card,user65591@companymail.com,365119,yes,17.750606584149182,-14.943275080958147
77,99812,27,422656.0,Abidjan,Mali,2022-12-13,2025-05-10,male,Standard,Transport,4,45419,181676,Card,user99812@yahoo.com,+221867920671,1,17.76562626464684,-12.739215568650515
78,33247,29,1849362.0,Dakar,Mauritania,2023-04-21,2025-11-03,,Standard,Transport,3,27121,81363,Card,user33247@gmail.com,398271204,no,16.676191967153375,-16.24467590362086
79,34300,40,272217.0,Dakar,Senegal,2023-10-07,2022-09-25,Unknown,Budget,Travel,4,24266,97064,Card,user34300@yahoo.com,+221098551685,yes,16.63504598981835,-17.53278036083573
80,84065,30,649195.0,Thiès,Mali,2025-09-25,2023-06-05,female,Corporate,Logistics,4,27563,110252,MobileMoney,user84065yahoo,+221 413005150,1,14.0946779126489,-13.964349940285022
81,92798,20,210068.0,Kaolack,Senegal,2024-04-28,2024-12-17,M,Corporate,Transport,2,34244,68488,Card,user92798@gmail.com,281755,yes,13.02523583130085,-15.303288625494702
82,19268,22,236315.0,Kaolack,Cote dIvoire,2025-09-04,2025-05-07,,Corporate,Travel,5,37591,187955,MobileMoney,user19268@yahoo.com,357346,1,13.995565362205086,-10.66530475755382
83,96807,41,312574.0,Abidjan,Senegal,2023-03-09,2024-02-02,M,Standard,Transport,5,54386,271930,MobileMoney,user96807@yahoo.com,+221 339304764,False,11.370421997134473,-14.523876465114515
84,22185,19,1196124.0,Saint-Louis,Senegal,2023-02-13,2022-04-26,F,Standard,Transport,5,52869,264345,Cash,user22185companymail,+221062347682,False,17.38559063084341,-16.939356070728252
85,73704,52,527202.0,Kaolack,Senegal,2025-12-19,2023-07-01,M,Standard,Transport,4,44979,179916,Cash,user73704@companymail.com,+221900901168,yes,14.133414081164576,-20.922313141128512
86,96779,27,315753.0,Dakar,Senegal,2022-03-12,2024-01-25,F,Corporate,Transport,0,36455,0,BankTransfer,user96779yahoo,+221312948728,0,17.28266145812992,-19.142751531582356
87,49099,42,563355.0,Saint-Louis,Senegal,2023-01-22,2023-11-06,male,NGO,Transport,3,23877,71631,Cash,user49099@yahoo.com,970335,no,12.2370008455568,-21.707864934084046
88,18571,27,,Bamako,Senegal,2022-07-10,2023-06-21,male,Corporate,Consulting,3,55156,165468,Cash,user18571@outlook.com,+221164955597,True,16.86524984200442,-18.045186108182588
89,48044,24,334978.0,Dakar,Cote dIvoire,2024-08-20,2025-04-17,female,VIP,Transport,1,32028,32028,Cash,user48044@companymail.com,00221397830206,0,13.71023868364136,-14.621797220301463
90,61214,38,194663.0,Thiès,Mauritania,2024-10-09,2022-04-15,Unknown,Corporate,Logistics,5,38376,191880,MobileMoney,user61214@gmail.com,00221301046274,yes,12.131261183381651,-17.411013265441547
91,71228,48,1066751.0,Dakar,Cote dIvoire,2022-01-28,2024-10-17,M,Standard  ,Transport,3,-5000,-15000,MobileMoney,,+221471178991,no,17.954236104319513,-14.334824193719781
92,58984,32,510371.0,Dakar,Senegal,2024-09-04,2022-04-26,M,VIP,Transport,5,35739,178695,Cheque,user58984@companymail.com,+221 139016001,no,16.914623338681547,-16.38727879968296
93,50774,34,1658204.0,Kaolack,Mauritania,2022-09-30,2024-10-06,,Standard,Transport,3,48813,146439,BankTransfer,user50774@yahoo.com,+221343385256,0,15.123584840371567,-18.60927686926203
94,12568,45,791113.0,Dakar,Senegal,2022-02-03,2023-03-26,M,VIP,Travel,8,40465,323720,Card,user12568@gmail.com,305742375,no,14.767875770269926,-17.137124534490106
95,72592,45,,Bamako,Mali,2025-01-18,2023-03-22,FEMALE,Standard,Transport,6,46864,281184,Card,user72592@companymail.com,489268399,1,15.579020037638236,-15.98370992683471
96,77563,35,346584.0,Abidjan,Mali,2025-06-24,2024-02-19,,Standard,Consulting,4,40368,161472,Card,user77563@outlook.com,801843,no,15.089257155834822,-16.98232980460915
97,12695,30,233234.0,Kaolack,Senegal,2022-06-24,2022-07-06,,Standard,Transport,2,34545,69090,Cash,user12695@companymail.com,122429515,False,13.115448091657058,-16.947947313444256
98,58190,36,394891.0,Nouakchott,Senegal,2024-09-04,2024-10-31,FEMALE,Standard,Transport,5,35890,179450,Cash,user58190@example.com,555464,False,13.875895460430156,-19.707150322760118
99,15258,33,229218.0,Saint-Louis,Senegal,2025-10-06,2023-04-01,M,Corporate,Transport,2,34253,68506,Cash,user15258@outlook.com,+221 821957131,no,18.621435664077406,-18.698928795726648
100,97538,39,664717.0,Kaolack,Senegal,2023-10-24,2023-04-29,F,Standard,Transport,3,19589,58767,Cash,user97538@example.com,+221891914460,0,20.044313485256026,-10.624617611536065
101,49504,21,1198516.0,Nouakchott,Cote dIvoire,2022-05-03,2023-05-03,female,Standard,Transport,3,22990,68970,Card,user49504@outlook.com,513956947,0,17.825337010461364,-13.71460052872937
102,43159,38,384791.0,Dakar,Senegal,2024-02-01,2022-01-16,F,Budget,Transport,5,900000,4500000,Card,user43159@outlook.com,355505046,True,0.0,0.0
103,23986,26,793094.0,,Cote dIvoire,2024-05-15,2024-06-19,,Corporate,Equipment,6,-12000,-37233,Cheque,user23986@yahoo.com,+221056545284,yes,14.02450193459613,-24.50090687251908
104,71858,46,297588.0,Dakar,Senegal,2025-02-24,2022-02-06,,VIP,Transport,3,30149,90447,MobileMoney,user71858@gmail.com,+221996202846,no,13.103628212206067,-17.17142273565383
105,22666,27,375316.0,Saint-Louis,Senegal,2025-12-01,2024-09-17,male,Standard,Logistics,3,22399,67197,Cheque,user22666@yahoo.com,+221026314415,no,13.235435179139595,-14.719581316722028
106,48660,27,275964.0,Dakar,Senegal,2024-05-10,2023-09-14,male,Standard,Transport,3,29507,88521,Card,user48660@example.com,00221028965088,no,13.593464682626479,-18.95982551226662
107,13561,40,125132.0,Bamako,Senegal,2022-03-01,2022-08-04,female,VIP,Logistics,4,33137,132548,MobileMoney,user13561@companymail.com,+221561977582,yes,19.002328082851538,-14.335023815406185
108,36854,35,440243.0,Bamako,Cote dIvoire,2024-04-12,2023-12-18,F,Standard,Logistics,5,30125,150625,Card,user36854@example.com,565247516,no,18.312564592765195,-17.221036304978746
109,74505,62,486053.0,Bamako,Senegal,2024-04-17,2024-02-04,F,Corporate,Transport,2,17860,35720,Cash,user74505@yahoo.com,00221301361516,1,16.192556779870788,-17.889183839180923
110,62251,18,853004.0,Saint-Louis,Senegal,2024-09-11,2025-10-10,,Standard,Transport,5,32774,218774,Cash,user62251gmail,834867,no,12.778773647174347,-15.131654471474453
111,32662,36,725246.0,Thiès,Mali,2025-12-15,2023-02-13,M,Budget,Equipment,6,23493,140958,BankTransfer,user32662@companymail.com,+221 236319581,1,16.486111853422074,-18.995627378706807
112,18392,49,731151.0,Dakar,Senegal,2022-03-06,2022-05-16,Unknown,Corporate,Travel,2,27361,100912,Cheque,user18392@yahoo.com,+221002489100,yes,14.22276594297879,-18.260118965410957
113,40535,28,250843.0,Thiès,Mali,2025-04-14,2024-10-19,male,Corporate,Transport,3,43886,100866,,user40535@yahoo.com,+221991881215,True,10.393981122711757,-15.38949821360861
114,88603,24,592853.0,Nouakchott,Mali,2023-08-31,2024-11-04,Unknown,Standard,Transport,4,46465,185860,Cash,user88603@yahoo.com,+221 522114758,False,15.274201274802518,-17.49418781119807
115,62256,25,1163053.0,Saint-Louis,Senegal,2025-03-14,2024-10-07,female,Corporate,Travel,2,19268,38536,Card,user62256@outlook.com,+221938940444,no,13.016173918331889,-11.67367117986679
116,99135,18,565194.0,Abidjan,Senegal,2022-03-17,2022-01-16,M,Standard,Transport,4,53824,215296,Cash,user99135@gmail.com,541975928,True,13.083893141819924,-15.318523761431944
117,45222,51,1348036.0,,Senegal,2024-03-05,2022-02-09,male,Standard	,Logistics,5,28879,144395,Card,user45222@outlook.com,326760047,yes,14.199184012863984,-15.513558515001714
118,87373,31,1511152.0,Saint-Louis,Senegal,2025-03-01,2023-03-01,,VIP	,Transport,5,27788,138940,Cash,user87373@outlook.com,+221927239623,0,13.703354054115174,-17.548513938195203
119,89575,30,383050.0,Bamako,Senegal,2024-04-27,2025-01-22,F,VIP,Transport,4,24300,97200,MobileMoney,user89575@outlook.com,+221383340688,yes,14.631486361791984,-14.77573596987118
120,94651,18,296214.0,Dakar,Senegal,2023-12-07,2022-10-16,MALE,Budget,Logistics,6,35671,214026,,user94651@example.com,+221523737385,no,14.53533889996559,-18.367823318404938
121,73335,18,,Dakar,Senegal,2023-09-03,2025-02-26,F,Standard,Logistics,2,58779,117558,Card,user73335companymail,+221916962079,no,10.948381814304737,-16.552866746401453
122,20965,53,181194.0,Dakar,Senegal,2024-06-02,2024-07-26,M,Standard,Transport,5,16524,82620,Cash,user20965@outlook.com,+221 969702104,no,17.740555977765666,-20.14887914101368
123,34538,39,329707.0,Ziguinchor,Mali,2024-02-22,2023-08-24,F,Standard,Logistics,50,10317,515850,Card,user34538@companymail.com,+221975988518,no,12.733246554102639,-14.281675823308223
124,80592,49,,Saint-Louis,Mali,2025-08-01,2025-05-06,MALE,Standard,Equipment,2,38222,76444,Cheque,user80592@gmail.com,+221 514132456,1,12.795203229739053,-16.528185908214624
125,18110,47,,Kaolack,Senegal,2023-01-27,2024-01-05,F,VIP,Logistics,5,41832,209160,Card,user18110@example.com,+221833699815,no,14.042893496419405,-11.45246080890637
126,89309,23,241477.0,Kaolack,Senegal,2022-04-20,2024-04-09,,Budget,Transport,4,35632,251655,BankTransfer,user89309@example.com,00221744705985,True,14.483330305261411,-10.223104848990724
127,37266,64,416951.0,Thiès,Cote dIvoire,2024-10-04,2023-10-22,,VIP,Logistics,3,42150,126450,BankTransfer,user37266companymail,+221390852395,1,17.617959633663677,-15.110041645700555
128,62992,58,265851.0,Bamako,Mali,2024-10-20,2023-12-14,F,Standard,Equipment,3,21425,64275,Cheque,user62992@companymail.com,+221 834421798,yes,15.238846904109801,-17.19472406637629
129,92948,28,327955.0,Abidjan,Cote dIvoire,2022-07-12,2023-11-01,M,Standard,Equipment,2,23662,47324,MobileMoney,user92948@outlook.com,+221848312040,no,,-20.238193536376706
130,16910,18,330911.0,Dakar,Senegal,2025-11-06,2024-03-25,female,Standard,Consulting,3,36487,113487,,user16910@gmail.com,061753,True,15.249072375166563,-14.685750590223526
131,10206,31,385570.0,Dakar,Mali,2024-02-04,2024-05-06,F,Standard,Transport,5,250000,1250000,BankTransfer,user10206@outlook.com,+221979223884,no,,-16.769146308314312
132,97054,38,,Bamako,Senegal,2025-07-05,2022-09-22,Unknown,Standard,Equipment,5,41728,208640,Cash,user97054@yahoo.com,577963358,no,15.319459006174016,-15.785895482536613
133,97897,28,276585.0,Saint-Louis,Senegal,2022-12-02,2024-01-10,F,NGO,Consulting,7,42286,296002,MobileMoney,user97897@yahoo.com,+221475008750,1,10.834531714862122,-12.210637837631268
134,33419,32,788264.0,Bamako,Senegal,2025-04-28,2024-07-05,F,Standard,Transport,2,22116,44232,Cheque,user33419@gmail.com,+221929211563,no,14.200163030320942,-19.87326986599004
135,60636,25,844749.0,Thiès,Senegal,2025-01-04,2024-05-08,Unknown,VIP,Transport,5,40069,200345,MobileMoney,user60636@outlook.com,+221635839394,no,17.024522221142313,-20.172912505444007
136,60015,46,196551.0,Saint-Louis,Senegal,2023-05-22,2023-04-27,F,Standard,Transport,1,20814,20814,Cheque,user60015@example.com,+221180447555,no,22.58466202161337,-18.10927781511204
137,64268,36,85926.0,Dakar,Senegal,2023-07-17,2025-09-29,F,Corporate,Consulting,3,56213,168639,MobileMoney,user64268@yahoo.com,00221029549041,yes,,-14.93639655074453
138,97939,46,851732.0,Thiès,Cote dIvoire,2022-01-02,2022-07-11,F,Standard,Transport,3,22857,68571,BankTransfer,user97939@yahoo.com,568477,no,15.546159920648705,-15.735398279356534
139,28141,50,215286.0,Bamako,Mauritania,2025-11-22,2025-10-08,F,VIP,Logistics,3,25442,76326,MobileMoney,user28141@companymail.com,228630,yes,13.557906844251317,-20.087065535087316
140,90356,18,511268.0,Saint-Louis,Senegal,2023-11-14,2023-06-11,male,Budget ,Travel,2,17323,34646,MobileMoney,user90356@gmail.com,+221952427499,no,18.795303807793697,-15.130341297892551
141,81910,26,175887.0,Abidjan,Senegal,2025-04-07,2025-04-22,Unknown,Standard,Equipment,4,250000,1000000,MobileMoney,user81910@gmail.com,00221782551974,no,11.992434478417037,-21.003638456679788
142,66044,28,980341.0,,Mali,2022-11-04,2024-05-19,F,Standard,Travel,6,35525,223790,BankTransfer,user66044@yahoo.com,772464517,False,15.949878980631759,-19.91322502304657
143,77214,66,,Kaolack,Mali,2024-07-21,2024-05-12,,VIP,Travel,2,53159,106318,BankTransfer,user77214@outlook.com,+221091385719,no,11.88557780099162,-17.746371951567568
144,43827,37,502166.0,Abidjan,Senegal,2024-10-14,2023-03-22,female,Standard,Transport,3,44317,132951,BankTransfer,user43827@outlook.com,+221039081621,0,14.062866663878335,-19.060293737925658
145,65820,45,425296.0,Thiès,Mauritania,2023-12-20,2023-03-08,F,Standard,Consulting,6,25511,153066,MobileMoney,user65820@yahoo.com,00221668265966,yes,14.631373338500381,-14.730421534047194
146,72623,18,370912.0,Saint-Louis,Senegal,2023-02-19,2022-10-30,F,Standard,Transport,3,45481,136443,Card,user72623@example.com,00221866204749,yes,16.839383363479214,-16.540864550996716
147,91734,37,719335.0,Bamako,Senegal,2022-12-18,2025-01-06,,Standard,Travel,3,20078,60234,,user91734@companymail.com,+221123903387,0,12.545666347682943,-12.103316467118217
148,85450,47,632613.0,Saint-Louis,Mali,2025-03-28,2022-10-27,female,Standard,Transport,5,26380,131900,BankTransfer,user85450@gmail.com,+221656345818,1,16.02676609769477,-18.14155609606324
149,32299,45,821676.0,Ziguinchor,Cote dIvoire,2025-03-20,2023-06-14,male,Standard,Travel,3,36422,109266,MobileMoney,user32299@example.com,348531477,yes,14.737555446775893,-17.76660645312223
150,53585,42,308739.0,Dakar,Senegal,2023-06-04,2024-11-03,female,Corporate,Consulting,3,21417,64251,Card,user53585@outlook.com,073106,no,15.245586772571958,-13.768852172814709
151,74044,35,551873.0,Ziguinchor,Cote dIvoire,2023-04-22,2025-08-06,M,Budget,Equipment,4,47776,269481,,user74044@gmail.com,00221339010520,no,16.616665429370283,-17.672762409371387
152,52557,36,324981.0,Abidjan,Mauritania,2024-06-16,2025-03-11,male,Budget,Transport,5,62352,311760,BankTransfer,user52557@companymail.com,00221396915560,True,12.134886613989424,-12.91798425687736
153,59080,18,238559.0,,Senegal,2025-09-14,2022-07-05,male,VIP,Transport,5,31466,157330,BankTransfer,user59080@yahoo.com,011401,yes,16.321189946297185,-15.777515368846524
154,12693,24,439061.0,Bamako,Cote dIvoire,2023-08-02,2024-05-28,male,VIP,Equipment,5,27180,135900,BankTransfer,user12693gmail,00221230437290,no,13.56219029382115,-24.458359409656076
155,79163,38,258718.0,Bamako,Senegal,2024-07-17,2024-03-11,F,Standard,Transport,6,33445,150969,MobileMoney,user79163@outlook.com,00221940484119,1,16.89174690995365,-13.867288757551606
156,35939,26,910036.0,Ziguinchor,Cote dIvoire,2023-02-02,2022-11-10,M,Standard,Equipment,3,28312,84936,Card,user35939@gmail.com,479313389,False,15.36911526907576,-14.661819560640573
157,58925,43,268297.0,Ziguinchor,Mali,2022-10-04,2023-01-21,M,NGO,Transport,1,38141,38141,Card,user58925@yahoo.com,954504,0,14.28094323696589,-14.546002181668364
158,52941,41,559686.0,Dakar,Senegal,2025-06-26,2024-03-03,MALE,Standard,Consulting,4,19131,76524,Cash,user52941@outlook.com,734369,yes,13.519948061818356,-23.132935135635773
159,31834,51,313310.0,Saint-Louis,Cote dIvoire,2023-08-09,2024-06-17,F,Standard,Transport,4,38822,155288,BankTransfer,user31834@gmail.com,00221353727157,1,16.34658998871066,-19.38896988381314
160,28047,46,531384.0,Saint-Louis,Senegal,2023-01-08,2025-05-14,F,Standard,Consulting,3,57943,173829,Cash,user28047@gmail.com,899101450,0,17.221903370961854,-19.166114500670307
161,36105,38,328603.0,Nouakchott,Senegal,2023-07-04,2024-03-05,M,Standard,Consulting,4,10974,43896,MobileMoney,user36105@outlook.com,+221385803153,0,13.634296918279631,-19.923364102681177
162,85766,120,211647.0,Saint-Louis,Mali,2025-05-02,2023-06-07,M,Standard,Transport,6,20976,125856,MobileMoney,user85766@companymail.com,+221200884187,0,12.433986868437206,-12.174232404318184
163,25707,47,601551.0,Kaolack,Senegal,2025-05-26,2022-12-14,female,Standard,Transport,2,29659,59318,MobileMoney,user25707@gmail.com,995654363,True,16.08842208589045,-17.4353035134709
164,31976,29,390723.0,Kaolack,Mali,2024-03-28,2024-02-15,male,Standard,Transport,3,41503,124509,,user31976@outlook.com,984753250,yes,11.802938115932598,-17.50968282788751
165,54262,31,534236.0,Bamako,Senegal,2025-07-23,2024-09-15,male,Corporate,Logistics,5,45685,228425,Cash,user54262@companymail.com,+221 349013793,yes,12.088975124834056,-15.743975069052661
166,33776,34,347909.0,Bamako,Mauritania,2024-12-20,2024-07-10,M,VIP,Logistics,3,44719,134157,MobileMoney,user33776@companymail.com,242746,0,12.574599448944202,-15.692094996331853
167,40080,29,202854.0,Dakar,Mali,2024-10-31,2025-02-11,Unknown,Corporate,Equipment,1,14700,14700,Cash,user40080@outlook.com,472676,yes,13.8690990339225,-27.40467813187749
168,76842,47,861913.0,Kaolack,Senegal,2024-01-02,2025-12-24,M,Budget,Logistics,6,26908,161448,Cash,user76842@gmail.com,+221 759236205,yes,12.02733622156911,-19.33907261144809
169,71373,27,700155.0,Abidjan,Senegal,2023-04-10,2023-01-02,M,Standard ,Transport,1,24196,24196,Card,user71373@gmail.com,+221959253399,no,10.822400181236844,-21.638365733373828
170,16776,50,320240.0,Saint-Louis,Cote dIvoire,2024-06-03,2025-09-12,F,Budget,Transport,3,34218,102654,Cash,user16776@example.com,+221133647698,0,12.429111611325753,-16.19908172053554
171,65016,31,469240.0,Thiès,Mauritania,2025-08-22,2022-08-01,F,VIP,Transport,4,35219,140876,MobileMoney,user65016@yahoo.com,00221809248796,yes,15.984948893145237,-18.266677243002142
172,19474,41,840889.0,Bamako,Cote dIvoire,2024-04-08,2022-12-07,M,NGO,Transport,3,18569,55707,MobileMoney,user19474@companymail.com,00221534433310,1,12.156911855746465,-17.353837306496192
173,68053,37,342073.0,Abidjan,Senegal,2022-07-21,2021-12-25,female,Standard,Travel,7,0,0,Cash,user68053@gmail.com,+221 605312655,yes,14.019460644091659,-23.63555924667157
174,31959,23,375447.0,Dakar,Senegal,2025-08-07,2023-07-12,female,Standard,Travel,6,41966,251796,Cash,user31959@outlook.com,+221509674365,yes,18.593396924731124,-18.329556674071494
175,15530,35,520832.0,Abidjan,Senegal,2023-02-27,2024-04-17,Unknown,Standard,Transport,4,27460,109840,MobileMoney,user15530@outlook.com,00221529348725,no,14.601651739945819,-14.054609244501552
176,13748,39,341652.0,Abidjan,Senegal,2023-12-18,2023-01-10,F,VIP,Logistics,5,32597,162985,BankTransfer,user13748@gmail.com,+221296612656,yes,15.385061979459186,-13.171651550693497
177,23545,34,752577.0,Saint-Louis,Senegal,2023-10-13,2022-12-05,M,NGO,Equipment,6,55363,332178,Card,user23545@yahoo.com,+221 753986418,True,12.807919963496893,-15.2434097413779
178,76199,19,406631.0,Nouakchott,Senegal,2024-01-15,2025-05-21,F,VIP,Transport,3,58880,176640,MobileMoney,user76199@example.com,688946429,True,19.026949707400284,-21.406395880344355
179,44766,55,281132.0,Abidjan,Senegal,2023-11-07,2023-08-22,,Standard,Transport,3,250000,750000,MobileMoney,user44766@yahoo.com,+221851295017,0,13.617411021723141,-13.621794591023628
180,83530,36,648350.0,Abidjan,Mauritania,2022-02-22,2024-05-10,male,Standard,Transport,5,36367,181835,MobileMoney,user83530@outlook..com,+221521509586,yes,14.243790631096966,-15.227993234999952
181,71087,25,226777.0,Bamako,Senegal,2022-08-11,2025-05-28,female,Corporate,Logistics,5,70004,350020,Card,user71087@companymail.com,+221 486856945,no,17.33411735593473,-17.751567102193615
182,78840,54,1507450.0,Dakar,Senegal,2025-02-07,2023-10-23,M,Standard,Travel,8,40746,378263,MobileMoney,user78840@outlook.com,+221138650434,yes,14.336531510292762,-23.47510894352923
183,64384,42,1162985.0,Dakar,Senegal,2022-08-19,2021-11-14,male,Standard,Consulting,7,35222,246554,MobileMoney,user64384@outlook.com,+221237228490,no,14.795777565350429,-14.539215148012447
184,61005,21,612375.0,Saint-Louis,Senegal,2022-11-15,2023-10-26,M,Standard,Transport,5,50752,253760,MobileMoney,user61005@yahoo.com,00221552298069,no,14.13662335842174,-19.176498989950137
185,56576,22,582219.0,Thiès,Cote dIvoire,2023-01-01,2022-07-16,male,Budget,Transport,4,37617,150468,MobileMoney,user56576@yahoo.com,570083259,0,14.150335243885545,-16.361502536835655
186,49353,32,566067.0,Saint-Louis,Senegal,2025-10-10,2025-09-05,,VIP,Equipment,6,43510,261060,Cheque,user49353@outlook.com,00221893846222,yes,15.441004021656182,-17.194818418090012
187,72003,39,335557.0,Abidjan,Senegal,2022-07-29,2023-01-25,MALE,Standard,Equipment,3,32476,97428,,user72003@companymail.com,588705332,no,15.80588637839621,-12.784815046685164
188,93211,42,537879.0,Abidjan,Senegal,2022-10-29,2023-06-24,male,Standard,Consulting,7,37442,262094,Cheque,user93211@outlook.com,109233500,False,13.413503137574866,-17.776100957992526
189,62733,46,258622.0,Bamako,Senegal,2022-09-11,2022-10-08,F,Budget,Consulting,3,40120,120360,MobileMoney,user62733@yahoo.com,658645,no,13.16783908770614,-17.445340770257843
190,75318,41,608830.0,Abidjan,Senegal,2024-03-13,2024-10-15,MALE,Standard,Transport,7,45387,317709,MobileMoney,user75318@yahoo.com,085340674,False,13.481727822284872,-12.664153828564109
191,99474,51,757449.0,Abidjan,Cote dIvoire,2022-12-22,2025-04-02,female,Standard,Equipment,4,29819,119276,Cash,user99474@outlook.com,+221969838322,False,11.897491971600463,-19.374666731250564
192,33664,37,358668.0,Saint-Louis,Cote dIvoire,2023-01-31,2022-01-14,M,Standard,Equipment,3,29493,88479,Card,user33664@companymail.com,927711,no,11.519139482961405,-14.957031445776668
193,77172,26,314878.0,Dakar,Cote dIvoire,2025-05-02,2024-02-25,F,Corporate,Transport,6,11870,71220,MobileMoney,user77172@gmail..com,+221650106511,no,15.294334294449815,-17.99584716863539
194,95616,35,217405.0,Kaolack,Senegal,2022-01-17,2025-12-18,M,Corporate,Equipment,4,30354,121416,MobileMoney,user95616@example.com,+221760336130,0,16.577191606350222,-20.407625886014785
195,36736,34,1079249.0,Bamako,Cote dIvoire,2023-05-27,2023-06-28,F,Standard,Transport,3,46436,139308,Cash,user36736@example..com,00221301192755,yes,16.442090586290433,-17.39651703983738
196,10854,18,330250.0,Saint-Louis,Senegal,2023-12-22,2023-08-26,F,Standard,Transport,3,40559,121677,MobileMoney,user10854@example.com,+221150833824,yes,9.936017453726683,-15.324884659176035
197,48623,28,399416.0,Bamako,Senegal,2023-12-22,2022-08-17,male,Standard,Transport,2,23039,46078,Cash,user48623@gmail.com,+221 209591713,0,14.209869825913477,-13.338870480070465
198,17392,39,538798.0,Dakar,Mali,2022-04-07,2023-08-09,F,VIP,Transport,5,12154,60770,Cheque,user17392@companymail.com,00221812635205,no,12.49581608881488,-12.975918043962952
199,65680,30,533027.0,Bamako,Senegal,2023-10-13,2022-06-11,M,Standard,Transport,3,33291,99873,BankTransfer,user65680@companymail.com,00221694558158,yes,14.987474875641713,-18.284292222676598
200,56717,27,704285.0,Abidjan,Senegal,2022-07-02,2022-05-29,male,Standard,Transport,4,46085,184340,Cash,user56717@gmail.com,560439111,1,13.864352962381236,-20.36174769609664
201,97092,46,358400.0,Bamako,Cote dIvoire,2024-03-04,2024-07-10,Unknown,Standard,Logistics,3,29253,87759,BankTransfer,user97092@example.com,+221356819845,0,15.883823812489176,-18.356216698732435
202,60859,24,227249.0,Nouakchott,Senegal,2024-08-30,2023-12-24,female,Corporate,Logistics,4,17661,70644,BankTransfer,user60859@example.com,+221 296674128,yes,14.661693819197316,-20.944592259990465
203,36309,44,204598.0,Abidjan,Mali,2022-09-01,2024-10-20,F,Standard,Transport,3,27926,83778,Card,user36309@gmail.com,577405681,yes,10.907996210164221,-18.052158598249513
204,97455,19,317887.0,Nouakchott,Senegal,2024-04-02,2023-09-08,,Budget,Transport,1,38914,38914,MobileMoney,user97455@yahoo.com,190412132,yes,12.765828254400919,-18.424995850859275
205,73734,68,254204.0,Nouakchott,Cote dIvoire,2024-10-21,2022-05-22,,Standard,Consulting,3,49909,149727,Card,user73734@companymail.com,162973,no,14.711570229653306,-15.217529387529702
206,80467,32,375057.0,Abidjan,Mauritania,2022-10-29,2022-09-22,M,Standard,Transport,4,31920,127680,MobileMoney,user80467@gmail.com,+221826069158,0,14.880220858462172,-24.017805539743133
207,62662,31,986137.0,Bamako,Cote dIvoire,2024-08-21,2022-08-26,M,Standard,Transport,2,47659,95318,,user62662@gmail.com,033799696,1,11.888646384591995,-19.600823838259917
208,22688,49,358841.0,Dakar,Senegal,2022-03-10,2022-02-04,Unknown,Standard,Travel,3,46329,138987,Card,user22688@example.com,185100,1,11.627080592907756,-19.576554913325744
209,35342,30,358761.0,Saint-Louis,Senegal,2022-11-13,2024-06-13,Unknown,Standard,Equipment,4,20880,83520,Card,user35342@outlook.com,+221380227153,yes,14.812490675146357,-13.838618242775922
210,47157,52,445594.0,Ziguinchor,Senegal,2023-11-12,2024-12-01,MALE,Budget,Travel,2,50008,100016,Cash,user47157@outlook.com,+221548802052,yes,11.892665387898944,-20.74153313220305
211,77863,39,352790.0,Thiès,Senegal,2023-07-04,2022-10-24,,Corporate,Logistics,5,38541,192705,BankTransfer,user77863@yahoo.com,+221547174793,yes,11.362741146998427,-16.720027921053017
212,62083,34,432167.0,Thiès,Senegal,2022-11-30,2022-07-04,male,Standard,Transport,2,20520,41040,Card,user62083@companymail.com,935388,yes,13.809718974737315,-17.784385243259344
213,75733,32,622516.0,Nouakchott,Mali,2025-12-22,2023-02-11,male,VIP,Consulting,6,56130,336780,Card,user75733@gmail.com,481294496,yes,13.723107817322697,-14.270872419490853
214,99045,49,765170.0,Abidjan,Senegal,2022-12-11,2022-11-10,M,Standard,Transport,2,33493,66986,BankTransfer,user99045@gmail.com,+221770020097,no,12.943199045321396,-15.612504406468357
215,44698,38,821536.0,Abidjan,Mauritania,2023-04-26,2022-04-25,M,Standard,Transport,2,11679,23358,MobileMoney,user44698@gmail.com,+221818682009,yes,13.292526086550074,-17.03626880453886
216,90623,40,,Saint-Louis,Senegal,2022-03-22,2022-10-14,F,Standard,Transport,6,26525,159150,MobileMoney,user90623@outlook.com,854117,0,14.727671446444788,-19.064000623764205
217,32671,41,633249.0,Dakar,Senegal,2024-10-27,2022-12-22,female,Budget,Equipment,1,23571,110665,Cheque,user32671@example.com,+221796642666,0,13.259674192640361,-22.957027509329627
218,35184,37,1719751.0,Dakar,Senegal,2024-09-15,2022-06-10,male,NGO,Transport,3,0,0,BankTransfer,user35184@companymail.com,+221122389066,no,14.841394043329679,-16.65874303293778
219,52107,41,282410.0,Thiès,Mauritania,2024-08-12,2022-02-01,,Corporate,Travel,3,29658,88974,Cash,user52107@outlook.com,+221024169969,yes,13.939062927765331,-15.80853060441038
220,96202,34,1578166.0,Dakar,Cote dIvoire,2025-10-26,2025-09-26,F,Standard,Travel,5,31911,159555,MobileMoney,user96202@companymail.com,+221950337106,True,15.03530031077331,-22.124602837423957
221,61663,34,358175.0,Dakar,Cote dIvoire,2023-08-11,2025-10-29,male,Corporate,Logistics,3,31460,94380,Cheque,user61663@yahoo.com,+221711805247,False,16.45641113087329,-21.101082492985647
222,25708,22,379949.0,Nouakchott,Mauritania,2024-10-21,2025-04-23,M,Budget  ,Equipment,5,33830,169150,,user25708@companymail.com,379164,yes,16.37849569078119,-16.64301007988497
223,59811,39,418771.0,Bamako,Senegal,2022-11-07,2022-03-10,F,Standard,Consulting,0,42049,0,Card,user59811@example.com,+221529661091,1,17.276420942132166,-16.38257494137639
224,12811,18,394680.0,Thiès,Senegal,2024-05-15,2024-06-29,Unknown,Standard,Equipment,3,26043,78129,Cash,user12811@outlook.com,+221923725120,True,16.37629379379432,-20.371941930276176
225,66250,38,473784.0,Dakar,Senegal,2024-07-07,2022-03-29,female,Budget,Transport,4,49172,196688,Cash,user66250@companymail.com,+221 561789141,no,15.177115063083608,-19.122194140704114
226,82082,32,317739.0,Kaolack,Mali,2023-06-27,2024-10-03,FEMALE,Standard,Equipment,5,20298,101490,MobileMoney,user82082@gmail..com,653169802,no,13.83313672471971,-22.90946651571128
227,44754,39,740425.0,Dakar,Senegal,2023-02-08,2024-11-14,F,Standard,Logistics,6,42381,254286,MobileMoney,user44754@companymail.com,+221846963417,no,13.92447815436755,-13.268208288560297
228,21411,22,,Nouakchott,Senegal,2022-05-17,2022-03-31,F,Standard,Travel,3,54719,164157,Cheque,user21411@companymail.com,012656436,no,12.944445387128379,-21.299623222105357
229,12911,18,120000000.0,Saint-Louis,Mauritania,2024-03-30,2024-02-24,F,Standard,Logistics,50,32872,1643600,MobileMoney,user12911@companymail.com,00221961752242,no,14.709058582103115,-15.773221826254346
230,77270,31,1125386.0,Saint-Louis,Mauritania,2022-04-08,2021-11-10,F,Standard,Logistics,5,37322,186610,,user77270@yahoo.com,+221178629391,False,16.09477495742387,-17.50488208846014
231,93763,22,363212.0,Saint-Louis,Cote dIvoire,2023-11-26,2024-03-20,,Corporate,Equipment,3,23384,70152,Cash,user93763@outlook.com,+221419561060,0,13.248664794233958,-13.531219141125721
232,18680,18,724787.0,Dakar,Cote dIvoire,2022-04-20,2025-12-21,female,Budget	,Equipment,4,28859,115436,,user18680@outlook.com,164079631,yes,14.625564282672451,-19.776762278324266
233,94896,44,629385.0,Bamako,Mali,2025-08-07,2025-04-27,,Standard,Logistics,1,53812,53812,Card,user94896@gmail.com,615066,no,13.345275542556461,-17.216241868978837
234,93879,54,1738851.0,Bamako,Senegal,2025-03-07,2023-07-04,M,VIP,Transport,8,43982,351856,Card,user93879@gmail.com,394189,1,15.118708660375228,-22.49528072771205
235,81295,25,332403.0,Bamako,Senegal,2023-05-23,2025-05-17,,Standard,Logistics,1,40023,40023,BankTransfer,user81295@yahoo.com,+221828063695,yes,13.6012332321001,-23.215580510819258
236,98614,34,725086.0,Dakar,Mali,2022-06-03,2022-04-25,,Standard,Travel,1,11744,11744,MobileMoney,user98614@companymail.com,763550,no,13.220978857411893,-15.610999248403576
237,21111,31,169634.0,Ziguinchor,Mali,2023-09-20,2024-05-30,,VIP,Equipment,2,26402,52804,Card,user21111@yahoo.com,+221355071434,True,13.340066610135949,-22.755077517209106
238,47504,27,,Ziguinchor,Senegal,2025-08-20,2023-11-13,F,Standard	,Equipment,2,55868,111736,BankTransfer,user47504@example.com,+221979680551,no,15.706657547691133,-18.084652603303592
239,11802,43,300000000.0,,Mauritania,2023-04-24,2024-01-13,F,Standard,Transport,1,39930,128168,Cheque,user11802@companymail.com,598946545,yes,14.50650118933929,-14.36611365608124
240,18155,47,1038096.0,Saint-Louis,Senegal,2022-05-17,2024-04-20,male,Standard,Logistics,2,41427,82854,Cash,user18155@outlook.com,200587,yes,13.843156539999928,-15.159945431715961
241,83656,25,,Saint-Louis,Senegal,2022-02-02,2024-04-29,MALE,VIP,Consulting,6,37047,254715,BankTransfer,user83656@example.com,878381,no,15.22280900509442,-19.39375646384578
242,49384,36,721190.0,Bamako,Mali,2025-09-01,2022-06-14,M,Standard,Equipment,1,27644,27644,Card,user49384@example.com,897670898,no,13.8709675650647,-22.165509409224516
243,57254,50,433249.0,Bamako,Senegal,2023-12-03,2022-11-12,F,Standard,Transport,7,38990,272930,,user57254@yahoo.com,853136082,no,16.953035787371405,-15.871515415033413
244,31918,43,180608.0,Saint-Louis,Senegal,2025-07-08,2024-09-02,,NGO,Travel,4,16637,66548,BankTransfer,user31918@outlook.com,342340899,1,12.752267692613486,-13.373229651419457
245,95981,45,501799.0,Saint-Louis,Senegal,2025-03-21,2024-11-14,F,Standard,Logistics,5,15735,78675,Cheque,user95981@example.com,+221383048242,yes,14.326056974365436,-19.38671423599687
246,70713,51,1254816.0,Kaolack,Cote dIvoire,2024-11-25,2022-12-23,M,Budget,Transport,1,26177,26177,Card,user70713@example.com,+221011867182,yes,11.890469556665998,-19.80993857522135
247,40306,51,229751.0,Abidjan,Senegal,2022-09-15,2022-12-17,F,Standard,Transport,8,37306,298448,Card,user40306@outlook.com,00221108736223,no,14.006251216219813,-18.974705888606994
248,26646,47,421275.0,Saint-Louis,Mali,2024-08-23,2025-04-20,F,VIP,Transport,5,16164,80820,Cash,user26646@outlook.com,+221939271823,yes,11.34072900458674,-15.685173867578651
249,56843,37,120000000.0,Nouakchott,Mali,2022-07-22,2025-04-04,,NGO,Logistics,1,36525,36525,MobileMoney,user56843@companymail.com,+221 922775303,True,16.192633045118253,-13.714447180755261
250,26371,30,339712.0,Kaolack,Senegal,2023-10-18,2023-12-12,Unknown,Standard,Transport,3,23065,69195,Cash,user26371@outlook..com,126334768,yes,16.233007534011158,-21.118820434141565
251,87371,36,1062680.0,Nouakchott,Mauritania,2024-04-05,2024-01-25,male,Standard,Transport,9,0,0,Card,,+221 403558944,1,16.26834034744895,-21.89484542797396
252,12049,29,382349.0,Abidjan,Senegal,2025-10-17,2023-01-06,FEMALE,Standard,Equipment,4,50595,202380,Cash,user12049@example.com,+221525754204,no,14.757744960348935,-10.380011034202655
253,41616,18,1043345.0,Thiès,Mauritania,2022-08-13,2022-11-25,F,VIP,Transport,3,35448,106344,Card,user41616@companymail.com,00221552321767,no,12.940259190579816,-17.931968363670116
254,30932,32,875399.0,Abidjan,Senegal,2022-05-23,2025-01-30,M,Budget,Transport,4,24154,96616,Cash,user30932@example.com,+221 609439218,0,13.099318735928101,-16.64132161292907
255,39855,39,361986.0,Dakar,Mauritania,2023-11-23,2023-10-13,F,Standard,Logistics,5,37242,186210,BankTransfer,user39855@yahoo.com,+221 152246690,no,17.760344110441043,-19.475792521852917
256,71434,5,332849.0,Nouakchott,Senegal,2023-03-11,2024-06-16,F,Standard,Logistics,2,17365,34730,Card,user71434@example.com,+221655122218,0,17.571354207599594,-15.93011307164185
257,82694,33,262867.0,Bamako,Senegal,2023-04-20,2023-04-21,M,VIP,Equipment,6,39588,236589,Card,user82694@outlook.com,+221129536552,no,14.945110313901543,-14.519817375895432
258,53016,33,257423.0,Dakar,Senegal,2023-05-09,2024-12-02,MALE,Standard,Transport,2,48288,96576,BankTransfer,user53016@gmail.com,00221851022740,no,13.668731931839345,-16.50061148528121
259,17400,51,556225.0,Bamako,Senegal,2023-09-29,2022-05-23,Unknown,Corporate,Equipment,6,42941,257646,MobileMoney,user17400@outlook.com,00221649593181,0,17.43724684539702,-12.177425768956695
260,52642,31,444690.0,Nouakchott,Mali,2024-10-02,2024-09-22,F,Budget,Consulting,3,60893,182679,Card,user52642@example.com,102560440,no,13.31099367723038,-18.380233769823274
261,25151,51,309539.0,Dakar,Senegal,2022-02-12,2023-11-20,male,Standard,Transport,2,11739,23478,Cash,user25151@companymail.com,+221900662621,no,15.157698416191813,-18.188647419106125
262,61407,18,177681.0,Ziguinchor,Mali,2022-05-01,2022-09-15,female,VIP,Transport,1,36524,36524,MobileMoney,user61407@outlook.com,392605,0,17.403914610796917,-16.705780946167753
263,76690,51,,Bamako,Senegal,2023-02-04,2023-06-19,MALE,Budget,Transport,3,18878,56634,Card,user76690@companymail.com,+221174296147,False,13.027323000670744,-16.005115063481707
264,14499,51,,Abidjan,Senegal,2022-12-22,2024-09-08,,Standard,Transport,2,32921,65842,MobileMoney,user14499@example.com,+221002265631,no,16.358447171274225,-16.71615821381217
265,16295,46,400242.0,,Cote dIvoire,2024-08-21,2023-03-08,male,Standard,Equipment,3,35019,105057,Card,user16295@outlook.com,+221086921264,no,15.741121591687739,-21.25324508086527
266,69040,18,540257.0,Dakar,Senegal,2024-08-13,2022-01-28,Unknown,Standard,Logistics,1,62358,62358,Card,user69040@companymail.com,816955651,yes,14.620966915536878,-16.462454501413315
267,22183,47,100300.0,Dakar,Mali,2024-03-30,2025-08-27,male,Standard,Transport,4,34283,137132,MobileMoney,user22183@example.com,+221428791033,no,12.713132801733767,-18.522520754410312
268,39299,34,179340.0,Ziguinchor,Mali,2024-04-11,2023-01-07,male,Standard  ,Transport,7,34059,238413,MobileMoney,user39299@gmail.com,+221162660537,no,13.251120479793448,-19.142931042223935
269,22874,18,1784892.0,Saint-Louis,Cote dIvoire,2025-02-13,2024-02-15,M,NGO,Transport,3,47062,141186,BankTransfer,user22874@yahoo.com,+221 723091668,0,15.278902145701316,-17.302553835740266
270,42711,51,332049.0,Nouakchott,Senegal,2024-11-21,2024-06-22,M,Standard,Logistics,1,34366,34366,Cash,user42711@companymail.com,+221 857863353,no,11.853326410237226,-20.284568061987642
271,15539,52,99364.0,Dakar,Mali,2024-03-13,2024-12-16,male,Standard  ,Transport,3,56974,170922,MobileMoney,user15539@gmail.com,+221 777191113,0,14.9614877180365,-20.806173971619693
272,63351,18,188535.0,Bamako,Mauritania,2023-09-26,2022-11-15,F,Standard,Logistics,2,43036,86072,Cash,user63351@outlook.com,436900109,yes,15.782101968123326,-25.24640688001155
273,71267,37,1998052.0,Dakar,Cote dIvoire,2025-02-10,2025-07-01,M,Standard,Transport,50,44942,2247100,MobileMoney,user71267@gmail.com,925950,no,16.6704403456182,-12.158288014470326
274,58354,52,295140.0,Dakar,Senegal,2022-08-25,2024-12-15,female,Standard,Consulting,50,12589,629450,BankTransfer,user58354@yahoo.com,00221465610681,True,-120.0,-250.0
275,12557,50,902038.0,Saint-Louis,Mali,2025-01-07,2022-01-24,M,Budget,Travel,2,58823,117646,Card,user12557@gmail.com,+221252941776,yes,17.332494594322547,-17.750292363918913
276,48360,45,483919.0,Saint-Louis,Cote dIvoire,2023-02-09,2022-06-21,male,Standard,Transport,3,27122,180250,BankTransfer,user48360@yahoo.com,707179364,yes,18.09072698835987,-19.40166971065994
277,92018,18,336389.0,Bamako,Mali,2024-01-14,2024-03-19,male,Standard,Logistics,6,34883,209298,MobileMoney,user92018@outlook.com,+221540298842,no,15.520303135427188,-26.02809684613925
278,12200,44,716598.0,Nouakchott,Senegal,2024-06-19,2022-06-14,MALE,Standard,Travel,3,27168,81504,BankTransfer,user12200@yahoo.com,+221014838205,1,12.623902837150679,-19.58558662866445
279,78497,32,107623.0,Bamako,Senegal,2024-07-29,2023-06-14,F,Standard,Transport,4,22709,90836,MobileMoney,user78497@companymail.com,639432,no,14.043781423279517,-15.25240098850777
280,56975,47,189534.0,Nouakchott,Cote dIvoire,2024-12-07,2025-07-11,M,VIP,Logistics,3,20574,162306,Cash,user56975@gmail.com,+221 594045940,no,14.604805509762985,-14.573477089218393
281,31357,38,334902.0,Abidjan,Senegal,2022-05-27,2025-04-29,male,Budget,Transport,2,36239,72478,Card,user31357@yahoo.com,+221902103149,1,15.240927017461113,-15.473124019190093
282,87505,5,201040.0,Ziguinchor,Cote dIvoire,2022-03-26,2023-09-21,,Standard,Consulting,6,11361,68166,Card,user87505@example.com,+221 909361104,yes,14.743963105287204,-16.924824132742593
283,12869,43,317596.0,Abidjan,Senegal,2025-04-03,2023-09-23,FEMALE,Budget,Transport,4,32086,197191,Cash,user12869@outlook.com,516575,0,15.262330285789233,-13.488377562205862
284,71135,33,751052.0,Bamako,Senegal,2022-01-29,2022-08-21,F,Standard,Travel,4,47693,190772,MobileMoney,,164023160,yes,14.518506485321753,-18.38561166626562
285,60108,35,487129.0,Dakar,Senegal,2023-06-27,2023-12-25,F,Standard,Equipment,3,42583,127749,MobileMoney,user60108@companymail.com,+221 814324501,no,15.230214189024485,-14.144433251596915
286,48467,28,999863.0,Bamako,Cote dIvoire,2025-10-26,2023-05-08,,Standard,Equipment,6,40189,241134,Cheque,user48467@companymail.com,00221773586112,1,13.778953157677371,-18.553747331160636
287,33328,18,505968.0,Dakar,Mauritania,2024-02-28,2024-12-02,M,Standard,Equipment,3,24255,72765,Card,user33328@yahoo.com,+221828974926,0,14.023626566035063,-20.043423926633285
288,96831,42,816253.0,Ziguinchor,Cote dIvoire,2023-02-08,2023-05-27,male,VIP,Logistics,3,15967,47901,MobileMoney,user96831@outlook.com,524673,0,13.547949659046663,-20.417138941267563
289,13987,25,,Bamako,Mali,2024-04-10,2024-05-16,,Standard  ,Transport,3,47502,142506,BankTransfer,user13987@gmail.com,127065,0,18.53451906900814,-20.593489263518858
290,68871,33,315792.0,Dakar,Senegal,2024-12-22,2023-09-26,M,Standard ,Travel,1,29612,29612,BankTransfer,user68871@outlook.com,841266,no,17.627801572348645,-15.422795913592543
291,32399,38,1093992.0,Dakar,Mali,2024-02-25,2023-02-20,F,Standard,Travel,4,34003,136012,Card,user32399@outlook.com,+221935722777,yes,15.81058838002723,-19.628236713291233
292,56214,18,294017.0,Nouakchott,Mali,2025-05-02,2025-02-22,F,Standard,Logistics,6,32629,195774,MobileMoney,user56214@yahoo.com,+221718671365,yes,17.350617994535476,-20.49908653510483
293,96416,18,553109.0,Bamako,Mali,2024-08-24,2022-01-12,female,Standard,Travel,3,43069,129207,Card,user96416@companymail.com,00221763079679,True,16.296922677955763,-15.258794341015918
294,80271,31,713788.0,Dakar,Senegal,2023-04-14,2024-07-10,MALE,Standard,Logistics,3,57120,171360,Card,user80271@gmail.com,+221849288337,True,15.06254231902811,-16.4160888285833
295,54064,40,745566.0,Bamako,Mali,2022-03-06,2023-01-12,F,Standard,Logistics,5,52548,262740,Card,user54064companymail,00221452579827,False,11.688857317960633,-14.512224051462592
296,80091,44,223628.0,Ziguinchor,Cote dIvoire,2023-02-10,2024-07-14,Unknown,VIP,Logistics,6,7013,42078,BankTransfer,user80091@gmail.com,+221 143452035,yes,14.17567215974972,-15.862201466181602
297,50818,18,845914.0,Kaolack,Mauritania,2023-08-27,2025-06-15,M,Corporate,Transport,5,31298,156490,MobileMoney,user50818@companymail.com,082135,no,14.029924215963295,-19.659334740591934
298,55525,43,250103.0,Nouakchott,Senegal,2025-01-03,2024-08-29,male,Standard,Transport,3,18839,56517,MobileMoney,user55525@companymail.com,+221875317632,1,12.433849653815685,-17.171692750594236
299,29830,32,731919.0,Bamako,Cote dIvoire,2024-08-30,2025-08-16,M,Standard,Transport,3,46261,138783,Cheque,user29830@gmail..com,00221016201998,1,11.727675450786768,-17.024601027690967
300,27429,24,620392.0,Saint-Louis,Mali,2025-09-09,2023-03-10,,Standard,Logistics,3,35048,105144,Cash,user27429@example.com,+221977817744,1,15.68543869313405,-20.157475975422006
301,16893,27,,Abidjan,Senegal,2023-03-24,2024-06-27,Unknown,Standard,Transport,3,42274,271388,MobileMoney,user16893@companymail.com,+221 411420819,0,15.349008644741625,-20.713874922281978
302,89909,45,218382.0,Abidjan,Senegal,2022-04-22,2022-09-19,,Standard,Transport,3,0,0,MobileMoney,user89909@yahoo.com,316901,no,12.365206039864775,-19.44216482735311
303,57333,38,640344.0,Dakar,Senegal,2023-06-07,2023-02-03,Unknown,VIP,Travel,4,22528,90112,Cash,user57333@gmail.com,+221183800038,yes,13.20824298712762,-11.290252929983758
304,13436,36,863163.0,Dakar,Senegal,2024-06-22,2025-05-25,female,Standard,Transport,6,24581,147486,MobileMoney,user13436@outlook.com,028845593,yes,17.022444546308325,-18.638232282664646
305,84290,38,505367.0,Dakar,Senegal,2023-08-15,2025-10-23,MALE,Standard,Logistics,4,16604,66416,Card,user84290@companymail.com,+221004461519,yes,12.944606972966879,-13.701399625839855
306,86213,46,275360.0,Bamako,Mauritania,2024-02-23,2025-05-10,female,Standard,Transport,4,19836,79344,BankTransfer,user86213@yahoo.com,941775,no,15.041597807867603,-18.805981528439393
307,15895,34,,Bamako,Mali,2024-06-28,2023-12-17,,Budget,Transport,6,17308,103848,Card,user15895@yahoo.com,+221089472337,yes,14.320443400864038,-14.733483541380023
308,29738,36,481834.0,Bamako,Mali,2022-10-22,2022-01-31,male,Standard,Equipment,5,22572,112860,Card,user29738@yahoo.com,+221826813273,no,15.712726942124124,-14.692525033326458
309,40746,49,164775.0,Nouakchott,Mali,2025-08-14,2022-02-03,,Standard,Logistics,2,21893,43786,MobileMoney,user40746@gmail.com,032291,1,12.98778469468714,-14.542228476143864
310,59377,31,262837.0,Abidjan,Senegal,2023-06-19,2023-03-13,male,Standard,Equipment,3,39729,119187,Cash,user59377@outlook.com,917079,True,14.880166955080213,-16.236517973973122
311,58404,42,328150.0,Dakar,Senegal,2022-08-02,2024-05-14,M,VIP,Transport,120,39258,4710960,Card,user58404@gmail.com,00221844536685,0,15.037445154691754,-13.267900263656545
312,64045,29,1110692.0,,Mali,2024-06-10,2023-10-15,male,Standard,Logistics,6,39716,238296,Card,user64045@companymail.com,+221089846039,yes,15.160361612458438,-16.264938091941815
313,49790,30,999602.0,Saint-Louis,Senegal,2023-02-14,2024-01-15,F,Standard,Transport,1,49100,143200,Card,user49790@outlook.com,00221453596287,yes,14.858147715925226,-12.25941081197916
314,15600,34,997676.0,Saint-Louis,Senegal,2022-02-13,2024-05-30,female,Standard,Transport,6,34060,204360,MobileMoney,user15600@yahoo.com,119888,yes,15.389218641188219,-22.259759409565298
315,50764,41,517321.0,Bamako,Senegal,2023-12-08,2024-04-27,M,Standard,Transport,5,25630,128150,MobileMoney,user50764gmail,287208902,False,19.08354066410162,-16.355141256999545
316,84543,49,778528.0,Abidjan,Senegal,2023-04-26,2024-05-18,M,Corporate,Transport,4,61537,339597,MobileMoney,user84543@companymail.com,+221593195945,no,19.82259555354221,-16.550029222393
317,55714,36,226961.0,Thiès,Cote dIvoire,2023-09-10,2022-05-22,F,NGO,Transport,4,45868,183472,MobileMoney,user55714@example.com,863945844,yes,13.421567718426555,-20.20955953741647
318,66835,18,451841.0,Ziguinchor,Senegal,2022-05-11,2023-09-04,MALE,Standard,Transport,4,36828,147312,Card,user66835@companymail.com,121991254,True,10.063514039295,-15.661247334708783
319,83744,43,590062.0,Abidjan,Senegal,2024-07-30,2022-01-02,F,Standard,Travel,2,35994,71988,Cash,user83744@yahoo.com,411026468,no,15.890990601443946,-21.870248026729854
320,66491,64,236112.0,Saint-Louis,Senegal,2022-07-15,2023-02-12,F,Standard,Transport,2,38476,76952,MobileMoney,user66491@companymail.com,100985531,True,15.072504919802531,-19.362552977280984
321,28589,36,510400.0,Dakar,Mali,2025-03-05,2022-05-20,female,Standard,Transport,3,32575,97725,BankTransfer,user28589@gmail.com,+221 275680184,yes,16.82208371836716,-23.39726343869342
322,53484,18,1237974.0,Kaolack,Cote dIvoire,2024-07-16,2024-06-03,male,Standard,Transport,4,36539,146156,Card,,883890403,no,15.269771799430634,-12.724120449111554
323,92989,37,629238.0,Dakar,Cote dIvoire,2024-11-25,2024-09-08,F,Standard,Logistics,4,250000,1043809,Card,user92989@gmail.com,421529041,no,14.817207879051438,-18.094648481835886
324,46212,35,780375.0,Nouakchott,Senegal,2023-01-27,2022-06-26,F,Corporate,Transport,4,26282,105128,MobileMoney,user46212@example.com,133360,True,16.957813191754447,-10.899347895551063
325,53525,34,103317.0,Dakar,Senegal,2024-10-23,2024-07-14,M,Standard,Travel,5,15391,76955,MobileMoney,user53525@yahoo.com,+221989535965,True,17.237561176827683,-14.991150220441513
326,57202,46,,Saint-Louis,Senegal,2025-07-15,2025-09-27,MALE,Standard,Travel,6,10092,60552,MobileMoney,user57202@gmail.com,+221477983956,no,11.926879882438003,-16.055705359946927
327,42635,52,402451.0,Kaolack,Mauritania,2025-05-05,2022-06-06,M,Standard,Transport,3,45655,136965,Cash,user42635@yahoo.com,+221727405168,yes,13.066787625720831,-19.158683082842998
328,73208,43,283734.0,Nouakchott,Senegal,2025-05-15,2022-10-15,,Budget,Logistics,3,16005,48015,MobileMoney,user73208yahoo,+221933324879,no,14.488814081422642,-20.53905010706226
329,43828,33,405234.0,Dakar,Senegal,2023-03-22,2023-05-09,,Standard,Transport,4,40584,162336,Cash,user43828@outlook.com,891646,False,14.896875247849167,-15.831085278309162
330,28711,49,184608.0,Dakar,Mauritania,2024-08-15,2022-06-26,M,Standard,Consulting,3,21148,63444,MobileMoney,user28711example,570040298,no,14.248033593295501,-17.614542027818946
331,13420,18,843882.0,Dakar,Senegal,2024-02-01,2024-01-25,Unknown,Standard,Transport,5,21341,106705,BankTransfer,user13420@example.com,+221657753335,0,15.568414355723771,-21.4178109464559
332,10301,26,367973.0,Dakar,Mali,2024-03-09,2025-07-07,M,Budget,Transport,6,26382,158292,MobileMoney,user10301@gmail.com,+221150856074,no,16.6922095786342,-21.950575249524952
333,55236,28,288897.0,Dakar,Senegal,2025-11-27,2022-02-20,M,VIP,Transport,5,37330,186650,Cash,user55236@example.com,566408583,no,18.145419421441456,-20.27611118743075
334,76235,35,406838.0,Bamako,Senegal,2024-02-07,2024-01-23,F,Corporate,Consulting,5,19537,97685,,user76235@yahoo.com,+221239727536,no,15.857826047545798,-11.937098324201306
335,64240,41,880119.0,Dakar,Senegal,2024-11-28,2024-01-31,M,Standard,Transport,6,27597,165582,BankTransfer,user64240@example.com,00221448293406,1,12.99533264309378,-10.760166245966087
336,75726,33,486931.0,Dakar,Mauritania,2023-09-25,2022-03-24,M,Standard,Transport,3,34691,104073,MobileMoney,user75726@yahoo.com,+221582148009,True,14.405247549604363,-16.78503255807327
337,20492,24,,Abidjan,Senegal,2024-06-04,2024-03-07,Unknown,Standard,Consulting,6,20477,122862,Card,user20492@companymail.com,+221243577306,no,14.549295517480886,-16.953171611276133
338,16102,47,594806.0,Thiès,Senegal,2022-06-23,2023-07-31,Unknown,Standard,Logistics,2,52139,104278,Cash,user16102@gmail.com,+221 357528234,no,15.729280479962318,-18.408961115488562
339,60336,32,,Thiès,Mali,2024-05-11,2023-09-04,,VIP,Travel,3,14330,42990,BankTransfer,user60336@gmail.com,+221991519079,no,15.476336066867884,-20.203456044928505
340,95314,36,123419.0,Thiès,Senegal,2023-08-12,2022-08-22,,Corporate,Transport,4,32382,129528,MobileMoney,user95314@example.com,+221 909507424,yes,18.80079330222302,-13.274462827178267
341,36641,42,1104173.0,Nouakchott,Senegal,2022-03-06,2025-09-26,,Standard,Equipment,4,50270,201080,BankTransfer,user36641@outlook.com,00221003880231,False,13.776973729490182,-11.779270818308591
342,44584,35,592047.0,Dakar,Mali,2023-12-29,2023-06-09,M,Standard,Consulting,4,19106,76424,Card,user44584@outlook.com,+221 002530614,no,15.469501067533606,-20.080257257517854
343,42745,36,429355.0,Abidjan,Senegal,2025-12-13,2022-09-07,Unknown,Standard,Transport,3,33684,101052,Card,user42745@example.com,00221679568581,0,19.409422795488183,-17.648515135273804
344,33093,47,365725.0,Abidjan,Senegal,2023-07-09,2022-07-17,,Standard,Consulting,6,36594,219564,Cheque,user33093@gmail.com,00221151277387,1,13.529586206192796,-18.7495989021305
345,76105,37,1040540.0,Dakar,Mali,2024-12-04,2023-07-08,Unknown,Standard,Transport,4,25319,101276,MobileMoney,user76105@yahoo.com,+221039569377,0,14.99029739234071,-18.66071722459493
346,61885,45,2868489.0,Nouakchott,Senegal,2025-06-03,2024-08-18,male,Standard,Travel,3,34070,145686,Cash,,853169222,False,12.810238997751968,-13.842275233710412
347,46631,42,589053.0,,Senegal,2025-03-24,2022-03-30,M,Budget,Transport,4,41737,166948,Card,user46631@companymail..com,429468,1,0.0,0.0
348,82991,59,,Dakar,Senegal,2023-02-07,2025-12-02,,Standard,Consulting,7,29394,205758,MobileMoney,user82991@outlook.com,955298342,True,13.139565703724717,-16.00059092719108
349,14014,40,410169.0,Abidjan,Mali,2024-03-08,2024-04-08,female,NGO,Transport,9,44172,397548,Cash,user14014@gmail.com,00221775095968,yes,16.793601806982693,-15.215285678082402
350,21093,43,582653.0,Bamako,Senegal,2024-05-08,2024-07-19,FEMALE,Standard,Travel,4,39713,171115,MobileMoney,user21093@example..com,00221761015193,1,14.99463771806279,-17.826453520805455
351,28070,48,109896.0,Bamako,Senegal,2024-09-24,2025-09-11,M,Budget,Transport,1,28005,28005,Card,user28070@companymail.com,+221257514585,0,12.829205480035412,-14.72079651903968
352,45777,36,550016.0,Dakar,Senegal,2023-05-15,2024-05-31,M,VIP,Travel,6,48529,291174,MobileMoney,user45777@companymail.com,+221094456364,yes,16.381135395583343,-16.957044478387648
353,66958,27,584702.0,Kaolack,Mali,2023-07-14,2023-08-29,M,Standard,Travel,4,26109,62748,Card,user66958@yahoo.com,781377,0,15.059332077743173,-13.748610236531661
354,92074,29,997301.0,Abidjan,Senegal,2022-04-13,2025-04-08,Unknown,Standard,Transport,5,45271,240200,Cheque,user92074@gmail.com,208022,0,16.605637554446908,-21.966615914777563
355,20729,29,,Thiès,Mali,2023-11-28,2022-03-17,M,Standard,Equipment,4,26324,105296,Cash,user20729@gmail.com,00221061609979,0,12.404674744104502,-18.446325783020605
356,55017,24,481040.0,Thiès,Cote dIvoire,2023-06-04,2024-05-09,M,Corporate,Travel,3,31207,93621,MobileMoney,user55017companymail,00221127208737,no,15.437648824497323,-17.615439428553103
357,76320,39,1116584.0,Dakar,Mali,2022-03-11,2024-03-31,FEMALE,VIP,Transport,4,33048,132192,Cash,user76320@yahoo.com,+221209453626,1,16.246683389289416,-25.416622153414046
358,37751,27,,Dakar,Senegal,2023-03-14,2023-01-09,M,VIP,Transport,2,39063,78126,MobileMoney,user37751@companymail.com,+221600113031,no,13.853245019528526,-20.657858200735603
359,88069,37,457611.0,Abidjan,Senegal,2023-08-12,2025-11-04,Unknown,Corporate,Logistics,4,6039,24156,Cheque,user88069@outlook.com,+221388046341,0,12.181994546063697,-19.840797763076356
360,64748,33,578339.0,Saint-Louis,Senegal,2022-07-16,2022-10-28,F,Standard,Transport,1,40496,40496,BankTransfer,user64748@example.com,00221963003356,no,14.616785009259212,-14.55538201552995
361,15801,35,155846.0,Nouakchott,Cote dIvoire,2024-12-10,2024-07-17,,Standard,Transport,2,33770,67540,MobileMoney,user15801@yahoo.com,+221949225062,no,17.156230587561858,-19.5205300389438
362,29190,42,188418.0,Saint-Louis,Senegal,2025-05-01,2022-11-08,male,Standard,Transport,4,38429,153716,MobileMoney,user29190yahoo,668028717,no,16.951860661268114,-19.85423696191793
363,59689,28,272144.0,Bamako,Cote dIvoire,2025-07-13,2024-12-08,,Budget,Transport,2,41030,82060,BankTransfer,user59689@gmail.com,726835840,yes,13.843143130488846,-14.947542658031423
364,60993,43,344839.0,Thiès,Senegal,2024-12-28,2025-01-10,,Standard,Transport,1,39726,39726,BankTransfer,,829134,yes,12.133829127247115,-22.253731937370162
365,39592,54,233125.0,Thiès,Senegal,2022-06-22,2022-01-26,M,Standard,Transport,1,10912,10912,Cheque,user39592@gmail.com,+221871774286,yes,13.837640559300855,-23.613732202330716
366,20647,39,440385.0,Dakar,Mali,2025-12-15,2023-01-25,M,Standard,Travel,5,22268,111340,Card,user20647@yahoo.com,00221945897243,no,95.0,-250.0
367,18716,26,351083.0,Thiès,Mali,2025-06-15,2024-09-23,F,Corporate,Equipment,4,38994,155976,Cheque,user18716@companymail.com,+221 496035871,True,15.592893566609554,-21.743120304235063
368,98891,28,855584.0,Kaolack,Senegal,2022-12-25,2023-02-07,female,Standard,Transport,5,37396,186980,Cash,user98891@example.com,+221 946264955,yes,14.489996994191756,-21.629037883978945
369,97545,32,338452.0,Nouakchott,Cote dIvoire,2024-06-09,2022-01-27,,Standard,Consulting,8,25525,204200,Card,user97545@yahoo.com,+221378183563,yes,13.193471576525715,-15.679698624936053
370,99912,28,114116.0,Bamako,Senegal,2025-01-17,2024-06-28,F,Standard,Consulting,4,43852,175408,Cash,user99912@outlook.com,970792497,no,16.908526134521335,-14.772078486262261
371,80316,23,,Dakar,Mali,2023-03-10,2024-08-07,male,Corporate,Travel,2,31923,63846,Card,user80316@outlook.com,333564,0,14.980851734889669,-15.033407352443623
372,12368,37,446183.0,Dakar,Cote dIvoire,2023-02-20,2024-07-27,M,Budget,Transport,4,45629,182516,MobileMoney,user12368@yahoo.com,+221767375276,yes,15.570831305461882,-14.0736700190783
373,87575,32,268276.0,Dakar,Mali,2022-06-21,2022-04-24,Unknown,NGO,Transport,4,49520,340041,BankTransfer,user87575@companymail.com,00221309217744,yes,11.250029131737465,-13.676597039955594
374,16655,37,476395.0,Ziguinchor,Mali,2022-06-16,2023-03-05,MALE,VIP,Travel,3,38340,115020,MobileMoney,user16655@gmail.com,+221300533282,yes,9.851470258605428,-23.78577062648079
375,80031,49,236061.0,Abidjan,Senegal,2023-10-05,2023-02-02,F,VIP,Travel,8,41667,333336,MobileMoney,user80031@yahoo.com,304100,no,11.824908437111183,-16.048764120211597
376,86429,32,548480.0,,Senegal,2022-11-04,2024-09-19,F,Standard,Equipment,3,27698,83094,MobileMoney,user86429@companymail..com,00221853272034,yes,13.738913148786448,-18.988824598708675
377,97922,21,2184194.0,Dakar,Mali,2022-01-11,2022-12-20,M,Budget,Equipment,5,45707,228535,MobileMoney,user97922@gmail.com,477380,no,15.852712035227617,-19.642272737971307
378,65766,30,152305.0,Kaolack,Senegal,2022-01-07,2025-04-13,male,Standard,Transport,4,37617,150468,Card,user65766@outlook.com,478287,0,10.015506259185404,-15.718756103373883
379,23403,44,330135.0,Kaolack,Cote dIvoire,2023-06-25,2025-12-14,male,Standard,Logistics,3,31463,94389,BankTransfer,user23403@example.com,313417026,no,17.885704128743974,-22.590886439687253
380,42097,43,299869.0,Bamako,Senegal,2025-03-11,2024-06-08,M,Budget,Transport,1,20374,20374,MobileMoney,user42097@gmail.com,+221 121156558,yes,15.041132053540252,-22.65332581761696
381,88657,41,346989.0,Ziguinchor,Senegal,2025-12-03,2025-06-04,F,VIP,Transport,8,29175,233400,MobileMoney,user88657@yahoo.com,754816,1,17.42058998589982,-15.499281767754848
382,20966,28,829815.0,Bamako,Senegal,2023-01-17,2024-06-14,F,Standard,Equipment,6,21686,130116,MobileMoney,user20966@yahoo..com,00221386134197,no,12.928059835051743,-15.936641947467304
383,62921,44,623247.0,Bamako,Senegal,2022-09-16,2023-08-26,male,Standard,Transport,6,44138,264828,BankTransfer,user62921@gmail.com,+221204768177,False,15.70771986834498,-16.98980203238547
384,59726,47,,Dakar,Mali,2024-03-28,2023-01-06,male,Standard,Logistics,2,-5000,-10000,Card,user59726@yahoo.com,+221217534488,no,14.870391859941574,-20.03974021416941
385,60300,27,458310.0,Abidjan,Mali,2025-03-01,2022-01-28,M,Budget,Travel,5,45995,229975,Card,user60300@gmail.com,+221127467547,0,16.33537262610911,-15.168511096253626
386,32677,35,,Dakar,Mali,2022-08-31,2024-03-28,Unknown,Standard,Transport,5,64832,324160,MobileMoney,user32677@companymail.com,002955,0,14.232417264800565,-15.359091323818571
387,65609,59,230543.0,Bamako,Cote dIvoire,2022-11-09,2025-10-07,female,Standard,Travel,3,29475,88425,MobileMoney,user65609@companymail.com,+221641306333,yes,15.646430418015177,-17.144086454857636
388,66661,26,704158.0,Saint-Louis,Cote dIvoire,2022-12-12,2024-10-16,F,Standard,Travel,2,42159,84318,BankTransfer,user66661@outlook.com,378035755,True,16.9043906375424,-20.93196312380931
389,41024,18,300000000.0,,Cote dIvoire,2023-12-07,2022-09-16,,Standard,Logistics,5,20824,104120,Card,user41024@outlook.com,+221865015040,no,95.0,200.0
390,80313,52,958502.0,Nouakchott,Senegal,2025-04-10,2022-05-29,Unknown,Standard,Transport,50,32633,1631650,Card,user80313@gmail.com,+221 649007862,1,15.1844884649793,-14.88649896742667
391,63006,49,,Abidjan,Cote dIvoire,2023-01-15,2023-11-01,MALE,Standard,Transport,6,17272,103632,BankTransfer,user63006@example.com,+221293329548,yes,10.924275525555302,-13.418426331594638
392,25338,30,221282.0,Abidjan,Senegal,2022-05-24,2024-08-11,M,VIP,Transport,3,41818,125454,MobileMoney,user25338@gmail.com,+221 823048139,yes,,-18.379609810128983
393,78027,34,329016.0,Kaolack,Senegal,2023-09-11,2023-12-11,,VIP,Transport,7,30734,215138,MobileMoney,user78027@outlook.com,+221782855645,no,18.60932508692498,-18.149018903424786
394,90135,20,631524.0,Bamako,Mali,2022-02-11,2023-11-03,M,Standard,Transport,4,10345,41380,Card,,284471,no,12.211127904502609,-17.88506732407518
395,29508,36,,Kaolack,Senegal,2022-09-26,2022-02-01,male,Standard,Travel,5,26780,133900,,user29508@gmail.com,00221864536032,no,14.517237479144113,-16.575320973267083
396,13051,49,,Abidjan,Senegal,2023-12-18,2023-01-28,M,Budget,Transport,5,56517,282585,MobileMoney,user13051@outlook.com,+221301865101,no,16.460962601828225,-19.14320190018007
397,58747,28,239879.0,Saint-Louis,Senegal,2025-06-28,2025-07-13,F,Budget,Equipment,3,39925,119775,Cash,user58747@gmail..com,+221276836016,1,14.7628349469331,-26.08255517271475
398,97142,46,218903.0,Nouakchott,Senegal,2025-08-18,2024-12-11,female,Budget,Transport,11,44229,486519,BankTransfer,,+221598496078,no,15.030199102986451,-13.821692995058708
399,97235,41,401564.0,Nouakchott,Mali,2025-03-10,2025-03-02,male,Standard,Logistics,5,36507,182535,,user97235@outlook.com,+221 457319714,yes,13.918001116952722,-12.01593315851235
400,64021,42,300000000.0,Bamako,Senegal,2022-11-08,2023-02-01,F,Standard,Travel,4,32821,131284,Cash,user64021@example.com,+221 545522822,1,13.84369549382417,-19.237199578817137
401,76412,29,300000000.0,Thiès,Senegal,2024-06-30,2024-06-12,F,Standard,Transport,1,35187,35187,MobileMoney,user76412@outlook.com,+221 169930541,no,14.526611692829244,-20.59996010675632
402,68335,31,591245.0,Dakar,Senegal,2022-12-13,2022-05-14,male,Standard,Transport,3,37945,113835,MobileMoney,user68335@gmail.com,+221232530448,no,14.78334284427871,-17.811301567170666
403,66179,18,591277.0,Abidjan,Senegal,2024-06-12,2022-05-31,M,VIP,Consulting,3,21840,65520,,user66179@gmail.com,00221747960672,yes,12.33711747684538,-17.96251165118632
404,42093,28,710317.0,Dakar,Mauritania,2022-04-14,2022-12-05,M,Standard,Equipment,2,44157,88314,Card,user42093@outlook.com,153259819,yes,14.567956028107941,-14.413444268511121
405,79678,49,1221594.0,Abidjan,Senegal,2023-01-14,2024-05-16,,NGO,Consulting,5,48462,242310,Card,user79678yahoo,+221453616104,yes,17.83706787741865,-17.236081675064884
406,90738,24,1148706.0,Kaolack,Senegal,2022-06-10,2024-02-21,M,Standard,Transport,5,32641,163205,MobileMoney,user90738@gmail.com,703849,False,13.86173241282219,-19.777868491113548
407,49734,26,314972.0,Saint-Louis,Mali,2023-10-04,2023-04-12,female,VIP,Transport,3,28724,86172,MobileMoney,user49734@companymail.com,+221240751338,no,12.225490034250743,-21.355228351674146
408,82615,43,127806.0,Nouakchott,Mauritania,2025-04-30,2022-07-12,,Budget,Travel,4,26097,104388,MobileMoney,user82615@gmail.com,+221205700661,yes,14.397167864027146,-14.803097445540978
409,83523,40,299505.0,Bamako,Mali,2023-03-09,2023-02-17,F,Standard,Travel,7,56111,392777,MobileMoney,user83523@example.com,00221577087885,yes,,-15.60146627650725
410,27019,43,470902.0,Ziguinchor,Cote dIvoire,2022-07-29,2022-02-10,F,Budget,Logistics,3,29573,88719,MobileMoney,user27019@outlook.com,+221 792695252,yes,12.02331634935612,-14.218320365724542
411,93613,21,362223.0,Ziguinchor,Senegal,2023-04-21,2025-03-02,male,Budget,Equipment,3,42840,128520,MobileMoney,user93613@example.com,+221807430884,no,14.97833692346524,-20.30456025216328
412,96672,66,1465552.0,Saint-Louis,Senegal,2025-08-09,2025-12-21,,Corporate,Logistics,5,32725,163625,MobileMoney,user96672@companymail.com,+221898670399,yes,13.279435925697843,-11.884689301415012
413,83847,20,455099.0,Abidjan,Senegal,2022-03-04,2023-10-10,MALE,Standard,Transport,6,32076,192456,Card,user83847@outlook..com,829904,no,13.450571666293449,-22.63108352117171
414,92750,37,666123.0,Thiès,Cote dIvoire,2023-04-18,2023-05-12,female,Standard,Transport,3,25823,77469,BankTransfer,user92750@gmail.com,385529,no,15.006854760770777,-15.27119693579556
415,89634,33,512641.0,Nouakchott,Senegal,2025-10-13,2023-06-11,M,Standard,Transport,3,23356,70068,MobileMoney,user89634@yahoo.com,953246510,0,11.63365080927533,-23.128748301590704
416,38251,21,365501.0,Abidjan,Senegal,2023-02-28,2024-12-12,,Standard,Logistics,5,43879,219395,BankTransfer,user38251@yahoo.com,+221520339175,no,11.216860699497749,-19.7709941450954
417,35945,31,141792.0,Thiès,Senegal,2024-12-12,2024-08-09,F,Standard,Transport,4,23085,46929,MobileMoney,user35945@example.com,+221027323313,no,16.041744389003863,-12.71693120865612
418,42217,35,429266.0,Bamako,Senegal,2023-09-16,2023-11-10,F,Standard,Transport,5,40550,202750,Card,,830004,0,-120.0,-250.0
419,18308,27,3171741.0,Ziguinchor,Senegal,2023-05-13,2024-04-12,M,Standard,Equipment,4,36087,144348,MobileMoney,,+221558095772,no,12.74664460938529,-19.038661246461544
420,15949,46,213273.0,Thiès,Mauritania,2023-01-07,2025-05-01,M,Standard,Consulting,3,-12000,-36000,Card,user15949@outlook.com,930841163,0,11.100320929223123,-18.956511128465063
421,61990,33,151460.0,Nouakchott,Senegal,2023-12-06,2022-03-31,Unknown,Budget,Consulting,6,27681,166086,MobileMoney,user61990@gmail.com,+221168015768,1,13.727727066302334,-17.098133667493673
422,11150,19,1438104.0,Dakar,Mali,2024-01-24,2022-09-30,F,Budget,Travel,1,47962,47962,MobileMoney,user11150@yahoo..com,+221832644155,no,15.556117495302331,-15.85757702771783
423,99480,18,702396.0,Thiès,Mali,2025-10-26,2024-01-16,F,Standard,Transport,5,33306,166530,BankTransfer,user99480@gmail.com,467542672,no,14.924675897464752,-13.645261851951908
424,84740,42,503558.0,Kaolack,Senegal,2024-12-06,2023-12-26,F,VIP,Logistics,4,66100,264400,MobileMoney,user84740outlook,+221199337244,False,19.48374677891457,-18.768702013825482
425,76617,18,1019280.0,Kaolack,Senegal,2023-08-08,2025-08-29,,Budget,Equipment,2,0,136133,MobileMoney,user76617@companymail.com,388188158,1,16.873831235578002,-22.235355190461604
426,26896,39,273239.0,,Senegal,2024-05-24,2023-01-03,Unknown,Standard,Logistics,5,64147,320735,Card,user26896@companymail.com,00221168530326,True,12.837684299686797,-16.92909411885372
427,56175,40,422120.0,Abidjan,Senegal,2023-02-18,2023-07-23,F,Corporate,Transport,5,33484,167420,Cheque,user56175example,+221942114774,yes,12.305889990347179,-18.772292512525183
428,17805,23,798185.0,Bamako,Mali,2025-09-15,2022-07-19,M,Corporate,Transport,4,37674,150696,BankTransfer,user17805@example.com,+221136596417,no,95.0,-250.0
429,15237,46,1596326.0,Bamako,Senegal,2023-02-07,2024-05-01,F,VIP,Travel,1,-5000,-5000,MobileMoney,user15237@example.com,176236,True,16.825144011466726,-16.506993254061616
430,30056,18,,Dakar,Senegal,2025-01-06,2022-10-09,,Budget,Logistics,4,16173,64692,Card,user30056@companymail.com,+221600383401,no,15.878739214539143,-18.039341262278366
431,55543,39,970380.0,Saint-Louis,Senegal,2022-08-22,2022-06-16,male,VIP,Travel,6,28659,171954,MobileMoney,user55543@yahoo.com,+221395578005,False,14.849703624431235,-16.480463380590617
432,66556,35,565862.0,Dakar,Mauritania,2023-12-08,2023-04-30,male,Standard,Logistics,2,30612,123757,,user66556@example.com,308249072,yes,15.247043134950033,-20.08333260056154
433,13343,34,496252.0,Thiès,Cote dIvoire,2023-11-11,2023-06-07,male,Standard,Consulting,6,37194,223164,MobileMoney,user13343@example.com,+221095024365,True,11.735853449035147,-15.939868409023504
434,23500,21,447918.0,Ziguinchor,Cote dIvoire,2023-04-19,2025-06-07,F,Standard,Equipment,3,48454,145362,Cash,user23500@companymail.com,+221 771601701,no,15.014078340393535,-21.351294590264935
435,63222,24,196068.0,Dakar,Cote dIvoire,2024-10-27,2024-08-30,Unknown,Budget,Consulting,3,37289,111867,MobileMoney,user63222@yahoo.com,+221 465557496,yes,14.842462794918028,-19.883194169089748
436,39375,54,801994.0,Thiès,Senegal,2022-06-09,2023-11-09,male,VIP,Transport,3,37498,112494,MobileMoney,user39375@gmail..com,+221 925200231,True,12.89172231379704,-18.12874269326183
437,19662,50,281431.0,Dakar,Cote dIvoire,2025-12-09,2022-02-07,M,Standard,Logistics,4,39612,158448,Card,user19662@outlook.com,+221726343863,yes,13.622947092863042,-12.174544755120856
438,26964,44,235435.0,Nouakchott,Mali,2025-06-24,2022-01-20,M,Standard,Equipment,6,13941,83646,MobileMoney,user26964@example.com,+221716075488,yes,17.73035278688711,-15.045523894354517
439,69638,46,765495.0,Nouakchott,Mali,2024-11-04,2025-03-25,male,Budget,Transport,6,15050,90300,BankTransfer,user69638@outlook.com,814106343,yes,14.449650159410275,-14.16842248719663
440,83666,45,722508.0,Bamako,Mali,2022-01-27,2022-01-28,,Corporate,Transport,3,17036,51108,Cash,user83666@companymail.com,+221173724262,1,18.84234260506622,-13.148768899970566
441,95067,31,120000000.0,Nouakchott,Senegal,2022-02-26,2025-03-20,F,Budget  ,Transport,4,30521,122084,MobileMoney,user95067@yahoo.com,00221781264961,False,11.218641127025233,-6.591503592567378
442,77215,36,860036.0,Abidjan,Cote dIvoire,2024-02-06,2025-05-27,,Budget,Travel,1,12539,12539,Cash,user77215companymail,304706,yes,13.655739627548504,-17.275232797324698
443,79042,18,1058713.0,Ziguinchor,Mauritania,2025-03-06,2022-08-28,Unknown,Standard,Transport,5,26723,133615,Cash,user79042@outlook.com,+221 021414436,no,11.605442897506162,-13.138797230610432
444,23284,34,986518.0,Dakar,Senegal,2023-09-27,2024-08-11,M,VIP,Consulting,3,18581,55743,Cash,user23284@example.com,00221136882087,yes,12.28115509221633,-14.362094236794174
445,82789,49,327760.0,Abidjan,Cote dIvoire,2023-11-21,2025-08-07,M,Standard,Transport,9,40853,367677,MobileMoney,user82789@gmail.com,+221 968592239,0,13.043588588681406,-14.411902490077422
446,94664,27,826922.0,Bamako,Mauritania,2023-11-27,2025-09-07,M,Standard,Transport,6,40252,241512,Card,user94664@companymail.com,979879133,yes,15.330619253541181,-12.077281145879455
447,71389,47,510930.0,Bamako,Mali,2024-02-05,2022-01-17,female,Budget,Consulting,5,31392,156960,,user71389@yahoo.com,721605224,yes,15.233652342160774,-18.657939092953427
448,19435,36,1267488.0,Abidjan,Senegal,2025-06-20,2023-03-04,M,Standard,Transport,4,12200,48800,MobileMoney,user19435@companymail.com,+221326293118,yes,13.341419360744789,-18.896055071809137
449,64340,18,417803.0,Kaolack,Senegal,2025-11-29,2025-11-21,F,Budget,Logistics,4,32154,128616,Cash,user64340@companymail.com,090212,no,10.244400885326836,-16.440703459554413
450,54078,22,,Bamako,Mauritania,2024-06-13,2025-02-12,male,Standard,Equipment,2,38944,77888,MobileMoney,user54078@example.com,+221810526564,True,17.655385746064304,-17.94809931576566
451,88832,46,311366.0,Nouakchott,Cote dIvoire,2024-08-29,2025-07-01,female,VIP,Equipment,2,44729,130626,Cash,user88832@yahoo.com,00221226243360,no,14.128470567927288,-16.444497441005478
452,61293,42,504123.0,Saint-Louis,Cote dIvoire,2022-01-01,2024-01-04,M,Standard,Transport,4,56041,224164,MobileMoney,user61293@example..com,+221722356036,yes,12.46741965939772,-12.711753644840964
453,88781,36,595429.0,Bamako,Senegal,2022-10-08,2024-06-17,F,Budget,Travel,5,48422,242110,Cash,user88781@gmail.com,+221 100954092,no,15.249861562140174,-18.834440168118835
454,70403,32,602342.0,Kaolack,Mauritania,2022-01-30,2022-03-31,F,Budget,Consulting,120,36977,4437240,Card,user70403@yahoo.com,00221688520291,0,15.108890341046347,-18.31403688778119
455,39124,38,,Bamako,Senegal,2022-08-12,2025-11-24,male,Corporate,Travel,3,31577,94731,,user39124@gmail.com,+221740246494,yes,14.054647070000069,-16.877066989420268
456,53919,46,673084.0,Abidjan,Cote dIvoire,2024-05-07,2022-11-22,,VIP,Logistics,5,26085,130425,Cheque,user53919@yahoo.com,+221776210582,yes,14.99706203128301,-18.084955278075505
457,45247,53,393752.0,Dakar,Senegal,2023-06-24,2023-08-24,M,NGO,Logistics,3,51268,153804,,user45247@gmail.com,+221863113035,yes,12.389940319183962,-23.14201748404046
458,72752,53,266597.0,Bamako,Senegal,2024-07-10,2023-08-05,Unknown,Standard,Travel,4,36999,147996,BankTransfer,user72752@outlook.com,+221 648113330,0,16.219825686352966,-19.140382928096816
459,66573,39,252990.0,Dakar,Mali,2023-03-28,2025-03-22,female,VIP,Travel,3,42567,127701,Cash,user66573@example.com,+221482249520,no,12.706265810486258,-15.337880273287485
460,69101,33,807771.0,Bamako,Senegal,2025-12-20,2022-08-06,male,NGO,Transport,2,27917,81593,BankTransfer,user69101@outlook.com,012533,no,13.488860689393135,-13.08735974720206
461,36646,37,,Saint-Louis,Senegal,2025-03-04,2024-08-02,female,Standard,Transport,5,20109,100545,MobileMoney,user36646@gmail.com,+221516285701,yes,15.99760363230315,-20.86385570261318
462,33049,41,147783.0,Abidjan,Senegal,2025-07-07,2025-06-09,F,Standard,Transport,4,30196,120784,Cash,user33049@companymail.com,00221054854000,no,17.107917930020466,-20.877847197692528
463,89605,41,868962.0,Dakar,Senegal,2023-07-06,2025-04-29,M,Standard,Transport,3,31365,94095,Card,,437743164,False,17.871549136092675,-17.30929859184799
464,78385,51,1390625.0,Bamako,Senegal,2023-10-02,2022-09-26,female,Standard,Transport,5,37301,255714,Cash,user78385@companymail.com,+221 897021317,yes,16.811596476933143,-23.62678519463351
465,50158,5,292861.0,Thiès,Senegal,2023-02-03,2022-05-02,male,Corporate,Transport,3,26151,78453,Card,user50158@example.com,+221493718111,True,14.051855632396435,-18.734910608961382
466,75417,33,550564.0,Abidjan,Senegal,2022-02-22,2025-12-22,female,Standard,Travel,4,35300,141200,Card,user75417@outlook.com,+221 972997693,no,11.617933861799074,-22.608126178654178
467,33289,61,338720.0,Nouakchott,Senegal,2024-04-30,2024-11-20,F,Budget,Transport,1,49132,49132,MobileMoney,user33289@companymail.com,+221755249144,yes,17.510111171205786,-13.292816100472603
468,19823,49,656047.0,Nouakchott,Mali,2023-03-09,2023-04-11,,Standard,Consulting,5,14924,74620,Cheque,user19823@yahoo.com,+221 358358907,no,17.44139197780995,-19.70799346305121
469,70160,34,223552.0,Abidjan,Senegal,2024-08-25,2025-06-15,male,Standard,Transport,5,9597,47985,Cash,user70160@yahoo.com,323688909,False,13.356047693293007,-12.441497440982918
470,51975,5,431117.0,Abidjan,Mauritania,2024-09-05,2025-10-23,M,Standard,Transport,4,-12000,-48000,MobileMoney,user51975@example.com,+221328450069,no,16.54237807564912,-14.059435939624981
471,19540,55,810812.0,Dakar,Cote dIvoire,2025-12-29,2024-11-17,F,Standard,Transport,1,17436,17436,MobileMoney,user19540@yahoo.com,+221 768012433,True,14.035644412138522,-19.33895189309225
472,26364,29,944518.0,Thiès,Senegal,2023-12-20,2022-03-27,Unknown,Standard,Transport,1,30439,30439,BankTransfer,user26364@gmail.com,+221 760930422,yes,17.702553767023456,-20.615878910538232
473,14611,56,581229.0,Saint-Louis,Cote dIvoire,2025-12-01,2024-08-29,Unknown,Standard,Equipment,4,42302,169208,MobileMoney,user14611yahoo,+221 634158771,no,13.670270675192436,-17.980637247502763
474,37663,48,367168.0,Abidjan,Senegal,2022-11-30,2023-02-18,F,Corporate,Travel,3,34289,102867,MobileMoney,user37663@companymail..com,+221 707275610,True,18.657302575097006,-17.71393987277461
475,61991,63,173068.0,Nouakchott,Mauritania,2025-06-16,2022-01-05,,Standard,Transport,4,34121,136484,MobileMoney,user61991@yahoo.com,+221238211151,False,16.27224109519649,-16.361559168142794
476,67679,150,285636.0,Dakar,Mali,2025-04-19,2023-04-12,F,Standard,Logistics,3,35869,107607,Card,user67679@yahoo.com,+221 666169771,no,18.295089689371974,-19.729629868590536
477,40977,31,339571.0,Nouakchott,Mali,2023-09-19,2024-10-07,F,Standard,Logistics,7,65225,456575,Cash,user40977@outlook.com,+221 585959958,1,13.772405460700242,-15.160815379433389
478,59115,18,296073.0,Bamako,Mauritania,2024-10-21,2025-09-20,,Standard,Travel,5,56367,281835,Card,user59115@outlook.com,003126621,yes,15.510059208888386,-16.6040158350003
479,98223,42,466370.0,Bamako,Mauritania,2024-08-31,2025-02-13,,Budget,Equipment,4,26675,159377,Cash,user98223example,+221089283956,yes,12.761441603311269,-18.42118547014759
480,70890,40,366543.0,Dakar,Mali,2022-07-06,2025-08-02,female,NGO,Logistics,5,47611,238055,MobileMoney,user70890@companymail.com,505542929,yes,16.387978504238394,-19.53612196625407
481,76387,28,498957.0,Dakar,Senegal,2025-11-07,2023-09-23,,Standard,Consulting,7,41066,287462,Card,user76387@gmail.com,+221722696856,yes,16.498083065674248,-17.954654949296057
482,28071,34,925953.0,Ziguinchor,Cote dIvoire,2023-11-16,2022-01-12,M,Corporate,Equipment,4,34766,139064,MobileMoney,user28071@companymail.com,061628467,yes,19.494047836402373,-19.850703755482705
483,69275,19,352613.0,Bamako,Mauritania,2022-11-15,2024-05-08,,Standard,Transport,1,24106,24106,Cash,user69275@example.com,106551232,no,15.664079594439297,-17.224683915349235
484,82369,49,196277.0,Dakar,Senegal,2024-10-11,2022-12-17,F,Standard,Transport,1,40416,40416,BankTransfer,user82369@outlook..com,00221583505283,False,16.148188405012185,-17.143683944340268
485,21938,29,295368.0,Ziguinchor,Senegal,2023-09-13,2024-12-15,M,Budget,Travel,8,31327,365573,BankTransfer,user21938@companymail..com,+221561957513,1,,-16.61487814957098
486,45195,72,638678.0,Abidjan,Senegal,2024-08-26,2025-11-04,M,Standard,Equipment,6,30445,182670,Cash,user45195@companymail.com,679194,no,15.782758745270476,-12.101272770984437
487,14000,33,675879.0,Abidjan,Cote dIvoire,2024-07-19,2024-02-26,F,Standard,Logistics,3,25795,77385,Card,user14000@companymail.com,+221747543430,False,13.940217582624832,-17.797334159098718
488,80588,26,574155.0,Nouakchott,Mali,2025-03-04,2023-07-22,F,Corporate,Logistics,7,46998,404309,MobileMoney,user80588@companymail.com,662857723,yes,14.931721517683998,-14.386206398626552
489,48304,30,982097.0,Thiès,Mali,2025-06-08,2023-05-20,F,Standard,Transport,7,25787,180509,Cash,user48304companymail,+221 161438166,no,15.04903132309159,-16.711237809072895
490,79449,18,402393.0,Thiès,Senegal,2025-12-24,2024-01-16,M,Corporate,Logistics,3,25860,102134,Card,user79449@example..com,071414,1,13.99539025330166,-18.114732905695362
491,92986,41,1541556.0,Bamako,Mali,2022-10-18,2022-07-26,F,Budget,Consulting,5,44335,221675,Card,user92986@companymail.com,437709,yes,14.825890193083985,-17.7574778098537
492,99643,30,735213.0,Saint-Louis,Senegal,2024-10-22,2022-11-01,male,Standard,Transport,3,33268,99804,BankTransfer,user99643@yahoo.com,+221029736640,1,13.949409660573158,-17.576479227504148
493,30764,49,99003.0,Dakar,Senegal,2024-08-07,2025-03-04,F,Standard,Equipment,2,33591,67182,BankTransfer,user30764@companymail.com,00221641717143,yes,13.940537749932322,-16.56069687681535
494,96027,32,1325630.0,Thiès,Cote dIvoire,2025-12-06,2025-09-23,F,Standard,Travel,6,47395,284370,MobileMoney,user96027@yahoo.com,792334283,yes,16.853329303004543,-20.27796229565691
495,48494,52,284023.0,Saint-Louis,Mauritania,2023-11-25,2024-02-22,Unknown,NGO,Transport,8,50764,406112,MobileMoney,user48494@example.com,+221357633494,yes,,-21.7960211503349
496,13373,44,241963.0,Thiès,Mauritania,2022-08-02,2025-03-18,,Standard,Logistics,1,9466,9466,BankTransfer,user13373@gmail.com,+221794223640,False,15.394132544400554,-15.437107819577172
497,22161,35,616162.0,Thiès,Mauritania,2022-05-11,2025-11-09,Unknown,VIP,Transport,3,33455,100365,BankTransfer,user22161@outlook.com,+221 445641130,1,,-14.705628502256221
498,37350,54,158593.0,Thiès,Senegal,2024-10-18,2025-06-06,F,Standard,Consulting,1,18077,18077,Cheque,user37350@companymail.com,+221029656475,1,15.54691666366078,-15.16309250159159
499,35351,46,296476.0,Dakar,Senegal,2025-05-25,2024-07-10,Unknown,Standard,Transport,5,30358,151790,Cash,user35351@gmail.com,+221015326617,no,15.760846927950475,-16.935083944330582
500,98668,70,1145397.0,Bamako,Mali,2025-12-18,2025-05-13,,VIP,Consulting,6,34919,209514,Cash,user98668gmail,00221096902291,no,13.903322754622494,-15.098326117640132
501,25305,30,628275.0,Ziguinchor,Mauritania,2023-06-06,2025-02-18,M,VIP,Travel,3,30742,92226,MobileMoney,user25305@gmail.com,00221435136020,1,18.87005935252138,-15.259712921948571
502,85353,36,732594.0,Bamako,Senegal,2022-10-23,2025-09-03,F,Standard,Transport,2,22697,45394,MobileMoney,user85353@gmail.com,943372,no,10.121545471631869,-15.037111923135134
503,86797,54,303415.0,Dakar,Senegal,2023-11-28,2025-08-20,Unknown,Standard,Travel,4,22088,88352,Cash,user86797@companymail.com,315835,yes,16.268734271541092,-19.97862246402634
504,75953,18,178792.0,Thiès,Senegal,2023-02-27,2023-02-11,M,Standard,Travel,3,43735,131205,Cash,user75953@companymail.com,+221 156367214,1,16.125609609909723,-20.69085539146389
505,67458,51,687690.0,Bamako,Mali,2022-08-06,2023-06-25,,Standard,Transport,4,53418,213672,BankTransfer,user67458@yahoo.com,495753210,yes,15.783165863998823,-18.565707740256812
506,30358,40,786349.0,Ziguinchor,Senegal,2025-07-21,2025-08-26,M,Standard,Transport,4,10274,41096,BankTransfer,user30358@example.com,+221480396927,yes,15.052425411277245,-17.452152328627964
507,13267,24,765281.0,Kaolack,Senegal,2024-04-13,2022-07-23,,Budget,Travel,6,31069,186414,Card,user13267@outlook.com,+221714382498,0,-120.0,-250.0
508,92745,19,510142.0,Thiès,Senegal,2022-01-14,2024-05-03,female,Standard,Travel,5,43784,218920,BankTransfer,user92745@outlook.com,00221100616039,1,16.43635095911179,-23.030070994013627
509,99588,27,251894.0,Nouakchott,Senegal,2024-04-13,2022-08-31,F,Standard,Transport,3,34609,103827,MobileMoney,,+221349061178,1,13.24822483233601,-12.234922163594572
510,48513,18,1942846.0,Thiès,Cote dIvoire,2025-03-12,2024-10-28,male,Standard,Transport,8,21636,173088,BankTransfer,user48513@outlook.com,006728332,no,15.298391244360179,-18.222137966657204
511,36092,29,600114.0,Saint-Louis,Senegal,2025-07-05,2022-11-16,male,Standard,Transport,4,29267,117068,Card,user36092@yahoo.com,+221010396654,no,14.333366315953391,-16.88188675026914
512,21338,42,405417.0,Bamako,Mali,2024-05-31,2024-05-18,female,VIP,Travel,4,38626,154504,Cash,user21338@outlook.com,769051347,1,12.512463199548982,-13.666353027710823
513,10412,29,406498.0,Kaolack,Mali,2023-07-30,2022-11-30,M,Standard,Transport,1,31314,31314,Card,user10412@outlook.com,+221144507246,0,16.13433994922658,-24.434916808563614
514,17543,52,492260.0,Thiès,Cote dIvoire,2024-10-11,2024-03-12,,VIP ,Logistics,7,34424,240968,,user17543@companymail.com,+221954692132,no,13.571279150631932,-18.935081615735136
515,43496,55,854924.0,Saint-Louis,Senegal,2023-09-22,2023-04-01,F,Budget,Equipment,4,34770,139080,MobileMoney,user43496@companymail.com,643564,False,11.704282650441066,-18.56135182073941
516,70692,50,504226.0,Abidjan,Mauritania,2024-06-15,2024-07-04,female,Budget,Transport,1,28709,28709,Cash,user70692@companymail.com,262575924,False,13.621778678596701,-18.408930136351934
517,99084,38,753219.0,Thiès,Mali,2023-04-05,2025-05-11,M,Budget,Consulting,7,44799,313593,Cheque,user99084@yahoo.com,+221581899583,no,13.102202203813738,-17.920459772141857
518,54425,18,492792.0,Dakar,Mauritania,2023-07-16,2022-02-02,F,Budget,Transport,4,29270,117080,Card,user54425@gmail.com,+221 203110913,0,16.75695801838022,-13.058595604665465
519,48756,27,420664.0,Thiès,Mauritania,2023-11-26,2024-08-15,F,Standard,Travel,7,22934,160538,Cash,user48756@companymail.com,666342079,no,15.006386281116155,-15.379623372818331
520,28888,33,661161.0,Abidjan,Senegal,2023-04-29,2022-04-07,male,Standard,Transport,2,61756,123512,MobileMoney,user28888@companymail.com,893446,no,17.46476549137988,-14.52589419411351
521,45735,24,646271.0,Dakar,Senegal,2025-11-20,2023-12-17,,Standard,Consulting,6,34066,204396,,user45735@outlook.com,+221760959860,yes,13.366887537533907,-17.258639184567226
522,57295,33,406453.0,Nouakchott,Senegal,2022-06-05,2022-04-13,Unknown,VIP,Consulting,5,3799,18995,Card,user57295@yahoo.com,+221 838763830,no,16.448339743793,-21.598119138436502
523,93042,54,287069.0,Kaolack,Senegal,2024-04-08,2023-11-21,M,Standard,Transport,5,50057,250285,MobileMoney,user93042@companymail.com,924285,True,20.379245829615826,-23.63909110543802
524,95999,18,552407.0,Nouakchott,Senegal,2025-01-12,2025-09-16,female,Budget,Transport,5,50018,250090,MobileMoney,user95999@gmail.com,477544,0,15.41206493425428,-21.98822316969489
525,27955,57,471659.0,Nouakchott,Senegal,2023-07-02,2025-11-16,Unknown,Standard,Transport,2,40486,80972,,user27955@gmail.com,00221135607083,0,16.423297724646304,-16.32070288750194
526,47841,46,322571.0,Saint-Louis,Senegal,2023-02-14,2024-08-16,male,Standard ,Transport,2,42580,85160,MobileMoney,user47841@outlook.com,+221658164609,yes,16.08703532845081,-17.304690861907094
527,80640,38,,Dakar,Senegal,2025-03-22,2025-05-06,Unknown,Standard	,Equipment,10,60917,609170,Cash,user80640@outlook.com,+221 470616685,no,11.855849345148346,-18.03049094266802
528,75510,26,575669.0,Dakar,Senegal,2022-08-25,2022-04-05,female,Standard,Equipment,7,23446,164122,MobileMoney,user75510@companymail.com,631874408,yes,15.8716345949349,-18.50573072022041
529,44911,25,625971.0,Dakar,Senegal,2022-12-04,2024-10-03,F,Budget,Logistics,5,36599,182995,BankTransfer,user44911@gmail.com,00221974959975,no,15.312912641299137,-11.364835273671758
530,69031,18,362574.0,Bamako,Senegal,2025-11-03,2023-05-26,Unknown,Corporate,Consulting,3,58636,175908,Cash,user69031@example.com,+221326160948,no,14.18050523320338,-19.868710772929422
531,98726,56,317756.0,Thiès,Senegal,2023-11-20,2022-01-02,F,Standard,Consulting,4,61179,244716,Card,user98726@gmail.com,078873,no,12.931927251590238,-14.616541631651822
532,17357,53,273443.0,Thiès,Senegal,2022-11-02,2023-05-28,male,Budget,Equipment,5,30607,153035,BankTransfer,user17357@yahoo.com,+221606540790,no,16.087966480654075,-17.394261191937016
533,42479,18,566004.0,Saint-Louis,Senegal,2023-12-02,2023-03-21,Unknown,Standard,Transport,5,59122,295610,Card,user42479@outlook.com,00221277647171,no,12.755192520778756,-17.58281853535799
534,71476,28,277789.0,Nouakchott,Cote dIvoire,2022-08-30,2024-08-17,F,Corporate,Transport,3,44632,133896,MobileMoney,user71476@example.com,+221 430460184,no,18.967291209363793,-13.870087354149767
535,54811,40,1726633.0,Dakar,Senegal,2025-12-30,2024-02-14,F,Standard,Transport,2,52943,105886,Cheque,user54811@gmail.com,00221616664813,yes,0.0,-250.0
536,46208,31,351806.0,Dakar,Senegal,2022-12-25,2024-07-24,F,Standard,Logistics,5,44238,328984,Cash,user46208@outlook.com,00221084230271,True,12.253385904426992,-18.118648370654512
537,30150,18,105017.0,Dakar,Senegal,2025-01-23,2024-09-03,Unknown,Standard,Transport,2,38665,77330,Cash,user30150@gmail.com,+221440575631,yes,13.672007443343322,-15.002391842273571
538,81180,27,441927.0,Nouakchott,Cote dIvoire,2023-11-30,2025-01-16,,Budget,Transport,5,61513,307565,BankTransfer,user81180@outlook.com,+221589410236,yes,14.143731323420365,-16.308325913549837
539,53286,58,430707.0,Bamako,Cote dIvoire,2024-03-07,2022-08-07,male,NGO,Transport,6,28657,171942,BankTransfer,user53286@yahoo.com,+221869770816,0,19.52475330784769,-17.377688583570254
540,78450,28,876800.0,Thiès,Cote dIvoire,2023-12-27,2023-05-07,female,VIP,Equipment,3,57827,173481,MobileMoney,user78450@example.com,+221 943002072,False,12.930822106381006,-16.78723517202892
541,31352,33,534923.0,Dakar,Mali,2022-09-10,2025-10-29,,VIP,Transport,5,59728,414718,MobileMoney,user31352@example.com,153311548,0,14.467565473497224,-19.46402644453451
542,65069,21,272857.0,Thiès,Senegal,2025-02-09,2024-01-11,M,Corporate,Transport,3,51357,154071,BankTransfer,user65069@example.com,+221 012443928,yes,13.624343260269955,-18.318298179993253
543,24397,42,378953.0,Dakar,Senegal,2025-05-29,2025-12-16,M,Standard,Transport,4,34139,136556,MobileMoney,user24397@gmail.com,+221693927809,yes,15.698516971163327,-19.14190583925812
544,51555,36,547685.0,Nouakchott,Cote dIvoire,2022-05-15,2024-06-24,female,Standard,Transport,5,37933,189665,Card,user51555@companymail.com,00221064968751,False,13.65623317258991,-14.69586985071324
545,56959,26,122783.0,Abidjan,Mauritania,2025-11-16,2025-07-16,Unknown,Standard ,Logistics,5,19702,98510,Cash,user56959@example.com,+221 376371856,0,12.421886667720578,-17.685603346623186
546,10728,19,1004676.0,Saint-Louis,Mali,2022-11-05,2024-07-26,,VIP,Transport,4,29569,118276,MobileMoney,user10728@gmail.com,+221294608426,no,,-21.293142073845114
547,60517,52,273293.0,,Senegal,2023-11-06,2022-12-19,F,Budget,Transport,6,42449,254694,BankTransfer,user60517@gmail.com,+221799266398,yes,14.101212313335513,-19.570311669489264
548,76234,18,,Dakar,Senegal,2022-10-20,2025-12-23,M,Budget,Logistics,4,17879,213620,BankTransfer,user76234@gmail.com,+221429846013,yes,13.515511244751972,-26.997793935636533
549,49954,41,569482.0,Bamako,Cote dIvoire,2025-07-20,2025-04-08,F,Standard,Transport,3,31425,67668,Cheque,user49954@gmail.com,00221448716098,yes,13.622379282205765,-18.883477805646443
550,57280,18,656553.0,Abidjan,Senegal,2025-09-18,2023-12-17,M,Standard,Transport,2,58338,116676,BankTransfer,user57280@example.com,133214,no,17.069391595762006,-17.28706480470855
551,89459,43,896862.0,Thiès,Senegal,2024-10-22,2023-10-06,,Budget,Travel,5,33148,165740,MobileMoney,user89459@example.com,+221718907417,yes,14.06051957146499,-17.808407546600918
552,26779,47,634684.0,Abidjan,Senegal,2023-01-22,2022-07-12,Unknown,VIP,Transport,3,47404,142212,Card,user26779@example.com,00221926395970,False,12.431744675043134,-11.459536945405821
553,73932,48,673831.0,Thiès,Mali,2022-03-21,2024-12-10,M,Corporate,Transport,5,41798,208990,MobileMoney,user73932@yahoo.com,769817503,yes,13.775768072400286,-15.675281877254887
554,82936,33,407727.0,Thiès,Senegal,2025-03-06,2023-07-27,Unknown,Standard,Transport,6,31308,187848,MobileMoney,user82936yahoo,+221 168534039,1,14.808671318930784,-15.808644440732547
555,34466,54,562589.0,Dakar,Cote dIvoire,2022-04-29,2022-06-19,F,Standard,Logistics,1,33139,33139,MobileMoney,user34466@outlook.com,+221532374047,yes,12.027460726897292,-22.329807103710834
556,46939,63,316318.0,Saint-Louis,Senegal,2024-05-31,2025-06-02,male,Corporate,Logistics,3,37002,111006,Cash,user46939@gmail.com,+221312862429,no,17.951955920012796,-18.493926162351396
557,79896,31,366208.0,Bamako,Mali,2024-11-01,2023-03-16,M,Budget,Logistics,3,10388,31164,BankTransfer,user79896@gmail.com,+221722799669,yes,16.435158955012543,-18.859988421971085
558,45270,30,1462737.0,Nouakchott,Senegal,2025-11-06,2025-03-02,F,Standard,Equipment,3,46364,139092,MobileMoney,,+221 699263775,0,17.56034548723756,-19.758243596424023
559,69163,37,277087.0,Bamako,Senegal,2025-03-12,2025-01-25,M,Budget,Transport,2,33579,188859,Card,,255231016,no,15.484256250975365,-19.79964199654004
560,92637,5,493655.0,Abidjan,Cote dIvoire,2024-10-11,2022-01-14,,Standard,Transport,3,46783,140349,MobileMoney,user92637@yahoo.com,482131,yes,10.512605099739798,-22.82436886182487
561,61934,28,481704.0,Abidjan,Cote dIvoire,2025-12-18,2025-11-16,Unknown,Standard,Equipment,3,39658,118974,MobileMoney,user61934@gmail.com,+221957413013,True,17.770667433277026,-21.227559614043983
562,74895,29,373454.0,Dakar,Cote dIvoire,2022-04-25,2025-10-16,F,NGO,Travel,8,33049,264392,Card,user74895@yahoo.com,+221399189774,no,12.972863280580214,-14.777719791705152
563,42307,56,612708.0,Kaolack,Cote dIvoire,2022-01-04,2025-12-02,M,Budget,Transport,3,37371,112113,BankTransfer,user42307@companymail.com,876735,False,13.135626511995802,-17.828744075979547
564,64098,44,641033.0,Dakar,Mali,2023-07-08,2023-03-23,,Standard,Logistics,4,37411,149644,Card,user64098@companymail.com,417247884,True,15.012650287910887,-18.919207254823
565,70921,29,258206.0,Bamako,Senegal,2025-02-08,2024-06-06,F,Standard,Transport,2,52714,105428,Cash,user70921@companymail..com,+221677403327,False,17.4564596933403,-17.416234003958124
566,15486,18,478216.0,Nouakchott,Mali,2025-11-13,2025-04-09,M,VIP,Transport,5,35752,178760,Card,user15486@outlook.com,+221 415577041,yes,16.8065742679048,-13.897827963896546
567,18335,18,235057.0,Dakar,Senegal,2022-01-17,2025-05-26,male,VIP,Transport,3,38458,115374,MobileMoney,user18335@gmail.com,+221498370757,yes,16.51256224035204,-17.38736843737264
568,96900,41,722254.0,Bamako,Senegal,2023-03-13,2024-09-07,MALE,Standard,Transport,4,19857,79428,Cheque,user96900@gmail.com,+221 274946586,False,14.076345894250892,-15.778877607206885
569,99112,18,500266.0,Bamako,Senegal,2024-11-04,2023-03-25,,Budget,Equipment,6,34435,206610,BankTransfer,user99112@example.com,+221489107717,no,,-19.93981452716477
570,21130,39,472787.0,Ziguinchor,Cote dIvoire,2024-02-25,2024-12-30,,Standard,Logistics,4,52452,209808,BankTransfer,user21130@yahoo.com,662031371,yes,15.391887335960133,-19.255889852240156
571,97508,22,,Saint-Louis,Mali,2025-06-10,2025-05-11,,Budget,Transport,4,40146,160584,Cash,user97508@companymail.com,296556,0,14.439858317432934,-16.33806934480897
572,70566,36,381435.0,Thiès,Senegal,2023-05-21,2022-01-22,M,VIP,Transport,4,22028,88112,Cash,user70566@yahoo.com,00221297694358,yes,16.478635814658706,-11.722038874988657
573,76703,36,778727.0,Dakar,Cote dIvoire,2022-11-16,2023-04-25,M,Standard	,Equipment,5,23314,116570,MobileMoney,user76703@companymail.com,051251354,0,16.360235328990452,-13.110675421455376
574,37192,36,254724.0,Dakar,Mauritania,2023-07-31,2023-12-12,male,Standard,Transport,7,26102,182714,Card,user37192@yahoo.com,578455513,0,15.88268264234541,-15.651515791631581
575,11062,30,1049819.0,Dakar,Senegal,2024-01-06,2022-01-11,,Standard,Consulting,6,46996,281976,BankTransfer,user11062@gmail..com,+221006051552,0,9.648077436461243,-16.945698719517843
576,94076,30,323339.0,Ziguinchor,Senegal,2022-07-22,2024-10-02,F,VIP,Transport,2,45518,91036,MobileMoney,user94076@example..com,+221363054887,yes,14.955976727354527,-13.196791933118487
577,99780,26,162640.0,Dakar,Cote dIvoire,2022-03-08,2024-12-21,FEMALE,NGO,Logistics,5,-6451,-32255,Cheque,user99780@companymail.com,+221 172596543,no,,-15.015965030864628
578,31545,41,369491.0,Abidjan,Senegal,2025-08-09,2022-10-19,female,Standard,Transport,2,0,0,Card,user31545@companymail.com,00221663451333,no,15.036051203519062,-24.280986067111982
579,31689,45,345180.0,Kaolack,Mali,2022-07-18,2024-01-22,M,Corporate,Transport,4,36772,147088,MobileMoney,user31689@gmail.com,666149,no,13.191350722907185,-20.561792543565666
580,21174,20,367823.0,Bamako,Senegal,2023-11-05,2024-06-22,FEMALE,Standard ,Transport,5,23454,117270,MobileMoney,user21174@gmail.com,452543987,yes,12.05042817920155,-16.385579023926205
581,98461,34,517100.0,Saint-Louis,Senegal,2022-05-14,2025-01-25,F,NGO,Transport,5,30314,151570,Card,user98461@yahoo.com,+221088562460,no,15.62627695995008,-22.760902696652916
582,19348,37,869530.0,Ziguinchor,Cote dIvoire,2022-02-01,2024-03-11,F,Standard,Transport,6,50972,305832,MobileMoney,user19348@gmail.com,+221486047716,no,13.987397364535875,-20.092767014270585
583,33714,37,120000000.0,Nouakchott,Mali,2025-09-07,2022-03-17,male,Corporate,Consulting,4,39906,159624,Card,user33714@companymail.com,820360,no,15.849385987415198,-19.49944483097392
584,48102,37,297162.0,Dakar,Cote dIvoire,2023-02-26,2022-03-25,F,VIP,Transport,2,29005,58010,Card,user48102@example.com,00221480324491,0,13.358171244630457,-18.1684977187375
585,84460,30,228908.0,Thiès,Cote dIvoire,2025-10-17,2025-05-23,,Budget,Transport,120,32752,3930240,Card,user84460outlook,+221491656794,no,17.53182128098535,-18.262290624678624
586,99930,38,,Abidjan,Cote dIvoire,2024-09-21,2025-12-11,,Corporate,Logistics,5,32266,249014,Cash,user99930@gmail.com,676968,yes,16.702129685141525,-18.26736128150048
587,16801,42,144974.0,Dakar,Mali,2024-11-16,2025-10-29,F,Standard,Consulting,6,38383,336748,MobileMoney,user16801@outlook.com,+221116992082,1,15.29365421709176,-14.924077448279057
588,82267,37,291246.0,Dakar,Senegal,2025-07-18,2023-10-10,Unknown,VIP,Travel,3,17843,53529,Card,user82267@outlook.com,303760985,0,14.273423173228105,-18.195671596351602
589,58136,41,949257.0,Thiès,Senegal,2023-05-29,2022-03-02,male,Standard,Logistics,5,26963,134815,Cash,user58136@companymail.com,262242,no,16.404817755596394,-18.5538903962137
590,33625,47,274577.0,Dakar,Senegal,2022-09-01,2023-05-16,FEMALE,Corporate,Logistics,7,47425,331975,Card,user33625@example.com,+221448008431,1,,-21.447516312430547
591,92873,18,656208.0,Ziguinchor,Cote dIvoire,2022-07-02,2023-10-29,F,Standard,Logistics,4,34129,136516,Card,user92873@yahoo.com,+221584364771,yes,15.177168375861209,-14.326961394042524
592,82592,46,215586.0,Dakar,Senegal,2024-04-01,2023-06-20,F,Standard,Travel,4,24801,99204,Card,user82592@companymail.com,00221497262515,no,16.785730819119216,-19.414492541842456
593,87052,39,1302323.0,Abidjan,Mali,2023-01-03,2022-05-28,M,Standard,Equipment,4,25296,101184,Cash,user87052@outlook.com,00221407804531,True,17.55307230881328,-20.661090984003824
594,54261,22,1355345.0,Abidjan,Senegal,2023-03-31,2022-11-14,M,VIP,Transport,3,43650,130950,MobileMoney,user54261@outlook.com,00221365283427,True,12.19517763102891,-16.760728275393085
595,11542,45,641533.0,Bamako,Cote dIvoire,2025-02-13,2025-02-10,F,Budget,Transport,5,28786,143930,MobileMoney,user11542@companymail.com,676221043,no,12.599231785300386,-19.700823787149186
596,31677,30,1486232.0,Bamako,Cote dIvoire,2023-12-13,2023-01-28,Unknown,VIP,Transport,3,41131,123393,MobileMoney,user31677@companymail.com,+221102519662,1,13.139478549042403,-18.97785821938288
597,56732,32,557088.0,Abidjan,Senegal,2024-03-02,2022-06-17,,Standard,Logistics,2,27478,166799,BankTransfer,user56732@companymail.com,841799,True,11.695150804712895,-16.624619477042792
598,60343,29,713625.0,Dakar,Cote dIvoire,2025-01-22,2024-01-04,FEMALE,Corporate,Equipment,3,21440,64320,MobileMoney,user60343@example.com,+221964297104,False,14.574502948861698,-18.379447871338666
599,49081,39,,Abidjan,Senegal,2023-01-19,2025-08-17,M,Standard,Logistics,3,37933,252719,MobileMoney,user49081@companymail.com,968507,no,,-10.465171874098095
600,72856,26,501237.0,Abidjan,Senegal,2025-10-15,2024-07-14,,Standard,Transport,5,33831,169155,BankTransfer,user72856@gmail.com,251482,no,14.657163410095325,-17.624485629957594
601,98858,46,177296.0,Bamako,Cote dIvoire,2024-05-03,2022-09-03,F,VIP,Equipment,5,43221,216105,Card,user98858@companymail.com,+221 851201116,no,13.631756716774207,-15.546485343362333
602,29065,33,722434.0,Ziguinchor,Senegal,2023-08-25,2025-05-23,M,Standard,Equipment,4,45609,182436,MobileMoney,user29065@outlook.com,314886,yes,16.952915514258315,-23.225082142478833
603,93460,31,339045.0,Dakar,Mauritania,2024-07-27,2022-04-10,,Standard,Transport,5,250000,1250000,Card,user93460@outlook.com,+221 442502168,no,14.981112806413499,-19.98194739574419
604,98092,44,354508.0,Saint-Louis,Senegal,2022-12-09,2022-11-11,female,Budget,Consulting,5,-12000,-60000,Card,user98092yahoo,+221791627527,0,15.385965934732637,-20.660741084750136
605,64693,31,538068.0,Abidjan,Senegal,2025-02-12,2025-09-25,M,Standard,Transport,2,30334,60668,MobileMoney,user64693@companymail.com,282013,0,17.00846960979952,-20.263139169907884
606,36962,46,632080.0,Dakar,Mauritania,2024-12-31,2023-10-23,F,Standard  ,Travel,6,42604,255624,Cash,user36962@companymail..com,+221 133308961,True,14.453516122297732,-16.15338601848899
607,38295,47,492418.0,Abidjan,Senegal,2022-10-03,2025-03-16,F,Standard,Equipment,5,37801,189005,Card,user38295@outlook.com,763384,yes,18.82042814524936,-14.293304796667769
608,23807,19,,Dakar,Mauritania,2025-12-17,2024-09-28,female,Standard	,Logistics,2,27514,55028,Card,user23807companymail,+221460219559,no,13.804369992256467,-16.366108486096465
609,52348,48,294457.0,Dakar,Mauritania,2022-08-07,2025-05-10,F,Budget,Consulting,6,26509,159054,Card,user52348@example.com,+221591352223,yes,18.6958964090258,-18.079933870698927
610,36432,18,438616.0,Dakar,Senegal,2024-01-12,2023-04-21,FEMALE,Standard	,Travel,5,38224,191120,Card,user36432@companymail.com,00221336416208,yes,12.750529636175159,-19.292565116137258
611,93285,49,748970.0,Dakar,Senegal,2024-04-14,2023-12-03,M,Standard ,Logistics,2,48946,97892,MobileMoney,user93285@example.com,+221000875955,True,15.734969805760882,-14.059200746440471
612,67854,59,1303649.0,,Cote dIvoire,2024-06-03,2025-02-10,F,Standard,Transport,3,45816,137448,MobileMoney,,+221 922964743,no,13.414935662387524,-11.186233637535413
613,50262,45,1611803.0,Dakar,Senegal,2022-10-22,2022-09-17,F,Budget,Equipment,5,23684,118420,MobileMoney,user50262@companymail..com,00221126740239,0,16.939132233962184,-16.994832885648925
614,47080,18,583494.0,Nouakchott,Cote dIvoire,2025-07-15,2023-10-26,male,Standard,Transport,3,24946,74838,Card,user47080@example.com,+221 309893183,yes,13.743534784283142,-14.581910807785281
615,11324,48,,Ziguinchor,Senegal,2025-10-10,2025-03-17,F,Standard,Transport,7,26714,186998,Cheque,user11324@outlook.com,+221574703026,no,15.28174238128817,-16.369888950613575
616,45909,62,1477631.0,Dakar,Senegal,2025-12-11,2024-06-16,female,Standard,Travel,5,27841,139205,MobileMoney,user45909@outlook.com,058253,1,13.39891600791686,-15.133485280603232
617,99339,31,300890.0,Bamako,Senegal,2023-12-26,2023-01-22,,Budget,Equipment,7,13200,128490,Card,user99339@companymail.com,+221365860527,yes,16.57445034733323,-20.89364033433035
618,29870,35,656595.0,,Mauritania,2025-10-16,2023-11-28,,Standard,Transport,5,44481,222405,BankTransfer,user29870@yahoo.com,+221 912267867,no,13.388497478721721,-18.86440884042637
619,44578,21,713551.0,Bamako,Cote dIvoire,2022-02-25,2021-10-16,,Corporate,Transport,5,29529,147645,MobileMoney,user44578@companymail.com,+221 510286101,yes,18.066829689485335,-16.213591679863246
620,82124,39,1072733.0,Dakar,Cote dIvoire,2023-09-19,2022-08-05,,Corporate,Transport,3,40545,265352,MobileMoney,user82124@outlook.com,00221587987657,1,12.70800578607722,-13.762527167754062
621,36790,50,227457.0,Abidjan,Senegal,2024-03-02,2023-12-16,male,Standard,Transport,2,31211,62422,Cash,user36790@gmail.com,00221882812537,False,12.008744163343707,-19.854402664913025
622,35289,43,256109.0,Abidjan,Cote dIvoire,2024-08-26,2025-07-17,Unknown,Standard,Transport,4,34724,138896,MobileMoney,user35289@yahoo.com,+221 515018576,0,16.60310415615817,-23.49989733312038
623,65129,73,455810.0,Dakar,Senegal,2025-08-16,2024-06-26,F,VIP,Equipment,3,26778,80334,BankTransfer,user65129outlook,+221364639039,False,13.516712719472956,-18.894793279323746
624,25485,35,564468.0,Dakar,Mali,2022-01-17,2023-04-28,F,Standard,Transport,5,34661,173305,MobileMoney,user25485@example.com,+221 843742171,True,14.685525373100928,-14.369607856955248
625,54482,18,882683.0,Ziguinchor,Mauritania,2023-11-10,2022-10-06,F,Budget,Logistics,6,24545,147270,MobileMoney,user54482@outlook.com,+221474015274,True,14.055517692328557,-22.15168677326355
626,96188,37,613864.0,Dakar,Senegal,2023-06-13,2023-05-20,F,Standard,Transport,1,34750,34750,MobileMoney,user96188@companymail.com,+221967385044,no,12.074783465694619,-20.93075967639475
627,14748,18,410920.0,Abidjan,Mali,2023-12-01,2025-12-21,F,Standard,Travel,6,52487,314922,BankTransfer,user14748gmail,+221571696391,no,14.546012671723323,-16.93224424184666
628,96769,29,577740.0,Thiès,Cote dIvoire,2025-04-17,2024-11-25,MALE,Standard,Transport,4,41247,164988,Card,user96769@companymail.com,+221562902807,no,17.229831789944605,-17.74791375828439
629,19435,54,539086.0,Nouakchott,Cote dIvoire,2023-05-04,2024-02-26,F,Standard,Transport,4,38493,153972,MobileMoney,user19435@outlook.com,+221261398531,0,16.70627400661113,-15.616600555340316
630,13709,39,1282104.0,Ziguinchor,Mali,2025-10-09,2023-06-20,M,VIP,Transport,6,19163,114978,Cash,user13709@outlook..com,+221838164773,yes,15.163585525251849,-21.086180281336738
631,40355,37,497026.0,Dakar,Senegal,2022-05-26,2025-11-02,male,Budget,Logistics,1,41807,41807,MobileMoney,user40355@gmail.com,726779389,yes,16.924536586070214,-18.374935782506
632,65771,57,50000000.0,Dakar,Senegal,2022-12-19,2022-12-07,M,Standard,Logistics,4,42973,171892,MobileMoney,user65771@outlook.com,+221543406782,False,12.580962830611647,-13.814443792790705
633,67799,32,589346.0,,Senegal,2024-04-19,2025-07-26,M,Budget,Transport,2,38219,76438,Cash,user67799@outlook.com,949508,yes,14.049091342189987,-20.97868858091035
634,23116,50,506913.0,Abidjan,Cote dIvoire,2024-09-10,2022-10-08,M,Standard,Transport,3,37571,112713,MobileMoney,user23116@companymail.com,734466,False,15.491609881460416,-12.969263111069193
635,35470,37,175327.0,Abidjan,Senegal,2022-10-20,2023-04-28,F,Standard,Transport,4,33318,133272,Card,user35470@yahoo.com,00221370051231,0,14.439170346365776,-20.602250957666065
636,52344,40,445794.0,Thiès,Cote dIvoire,2025-01-22,2023-07-05,F,Standard,Logistics,2,42793,85586,Cash,user52344@yahoo.com,+221902187242,no,14.206353339046885,-14.851855267867165
637,52918,20,423606.0,Dakar,Senegal,2024-03-18,2025-11-02,Unknown,VIP,Logistics,2,51764,103528,Card,user52918@example.com,+221541975204,1,12.298712535357808,-18.518875530639377
638,62224,29,324707.0,Dakar,Senegal,2022-11-29,2022-01-29,female,Standard,Transport,5,38966,194830,Cash,user62224@gmail.com,+221 118965091,0,10.537317222714577,-20.83472477291693
639,49298,18,120000000.0,Bamako,Senegal,2025-02-09,2022-06-10,F,Budget,Transport,6,23339,140034,Card,user49298@companymail.com,215771546,yes,16.335732849899273,-18.890697141457792
640,90219,34,280855.0,Dakar,Cote dIvoire,2023-08-23,2024-02-12,F,Corporate,Transport,6,24257,145542,Card,user90219@companymail.com,+221192897844,0,15.186443146504452,-15.765212435463017
641,71629,40,591475.0,Saint-Louis,Senegal,2024-07-06,2024-01-24,F,Standard,Transport,3,43715,131145,MobileMoney,user71629@companymail.com,047617,0,16.503996756420186,-17.42056198470447
642,76040,22,411798.0,Bamako,Senegal,2023-09-22,2025-02-02,Unknown,Standard,Consulting,3,23437,70311,MobileMoney,user76040gmail,022526,yes,13.82552811568325,-14.044591765669967
643,38016,60,480038.0,Nouakchott,Senegal,2022-06-28,2024-04-02,M,VIP,Transport,4,37413,149652,MobileMoney,user38016@gmail.com,+221280226431,yes,13.27444423034481,-13.092779817195353
644,33960,38,576122.0,,Senegal,2023-03-15,2023-06-28,M,Corporate,Transport,6,30853,185118,Cash,user33960@gmail.com,+221 696165934,yes,14.713095933273268,-20.94909199595355
645,43591,36,205347.0,Dakar,Senegal,2024-01-24,2025-04-27,Unknown,VIP,Transport,7,22133,154931,BankTransfer,user43591@companymail.com,+221 421556737,yes,16.408399297225632,-21.168807434731033
646,92848,44,504841.0,Bamako,Cote dIvoire,2023-02-16,2022-12-01,F,Corporate,Travel,4,44987,179948,MobileMoney,user92848@companymail.com,+221 552840692,yes,14.23709557002469,-21.314381320862523
647,77641,25,1776883.0,Bamako,Senegal,2022-06-23,2025-03-02,M,Standard,Travel,2,43481,86962,Cash,user77641@yahoo.com,00221357387995,0,16.30357036865697,-20.097588288144056
648,46395,37,176830.0,Thiès,Senegal,2022-09-27,2022-09-20,M,Standard,Transport,3,18732,130545,BankTransfer,user46395@outlook.com,+221146742547,no,12.687383988813826,-14.087356437540766
649,32700,26,,Nouakchott,Cote dIvoire,2023-02-04,2024-03-13,,Corporate,Transport,3,40777,122331,Card,user32700@gmail.com,+221533837845,True,14.377105733660265,-15.718914147999794
650,44620,54,882882.0,Abidjan,Mauritania,2024-07-14,2024-03-15,,VIP,Transport,3,39023,117069,MobileMoney,user44620@companymail.com,+221441958671,yes,14.559771711843936,-19.035082718767292
651,30559,22,539271.0,Dakar,Mali,2024-11-26,2025-11-24,female,Standard,Logistics,3,45049,135147,,user30559@yahoo.com,829463679,no,17.15277988784384,-17.433307771868503
652,71642,36,679956.0,Dakar,Senegal,2022-11-15,2025-06-23,F,Standard,Transport,3,37001,111003,Card,user71642@example.com,00221342472490,1,15.115254796031817,-13.187083484502182
653,86539,39,108186.0,Kaolack,Cote dIvoire,2023-06-15,2024-08-20,male,Standard,Consulting,4,52122,208488,BankTransfer,user86539@companymail.com,+221088434346,True,18.19215503658839,-11.67596744706264
654,31732,40,644321.0,Abidjan,Mauritania,2022-10-29,2023-11-29,FEMALE,Standard,Logistics,5,900000,4500000,Card,user31732@outlook.com,+221137684574,no,12.004630400105034,-16.621846999671593
655,40354,28,284927.0,Dakar,Cote dIvoire,2022-11-19,2022-02-17,MALE,Standard,Travel,4,31735,126940,Cash,user40354@outlook.com,+221372479603,no,14.95983780882256,-25.377843552142195
656,23843,24,541950.0,Bamako,Senegal,2024-03-02,2024-11-24,M,Budget,Transport,3,23303,69909,BankTransfer,user23843@outlook.com,00221622550056,True,15.05879607836089,-16.50813871572008
657,81726,28,442122.0,Bamako,Mali,2022-01-12,2025-05-19,Unknown,VIP,Equipment,3,23793,71379,BankTransfer,user81726@gmail..com,00221952380462,no,15.940186395173734,-14.595755611375957
658,27640,41,1765603.0,Dakar,Mali,2023-03-16,2023-02-26,M,Corporate,Equipment,6,22706,136236,MobileMoney,user27640@companymail.com,+221104260817,yes,13.073280127102217,-16.726103052431775
659,62528,33,120000000.0,Bamako,Senegal,2024-10-14,2024-07-01,M,Standard,Transport,4,37621,150484,MobileMoney,user62528@outlook.com,+221 586761801,no,18.068892678821673,-15.220455243795648
660,48413,45,420596.0,Nouakchott,Senegal,2022-01-06,2023-09-16,female,Standard,Transport,3,31771,95313,,user48413@gmail..com,934507,0,14.725927882943518,-16.328803876618846
661,62638,41,181895.0,Dakar,Cote dIvoire,2024-12-19,2023-06-01,F,Standard,Transport,2,38968,77936,MobileMoney,user62638@companymail.com,+221 846355357,yes,12.525864974130164,-21.103936252445592
662,62736,18,483928.0,Thiès,Mali,2022-03-31,2025-01-20,,VIP,Transport,6,20489,122934,Cash,user62736@gmail.com,00221183369953,no,14.667950019172762,-20.058715300090388
663,78866,38,737440.0,Saint-Louis,Senegal,2025-05-25,2022-04-02,M,Standard,Transport,3,24732,157247,Cash,user78866@gmail.com,652094,no,14.073676954239772,-18.363456561390468
664,29087,62,428768.0,Abidjan,Mali,2022-10-14,2024-03-17,male,NGO,Logistics,3,24529,73587,MobileMoney,user29087@yahoo.com,00221663501513,False,20.26647028449466,-14.203755665284945
665,51430,51,332239.0,Nouakchott,Senegal,2022-12-04,2022-06-09,,Standard,Transport,6,61031,366186,Cash,user51430@gmail.com,989660,no,16.799887199050026,-19.697652204961862
666,34504,40,319161.0,,Senegal,2025-05-11,2022-01-05,,VIP,Travel,3,33012,99036,Cash,user34504@gmail.com,00221225373732,yes,14.799322711416433,-16.032292100497056
667,17114,22,,Abidjan,Cote dIvoire,2022-04-14,2025-01-20,M,VIP,Transport,4,34204,136816,Card,user17114@example.com,+221499077793,no,14.47616662960159,-16.488922218236407
668,88859,41,709727.0,Kaolack,Senegal,2022-10-10,2025-07-01,F,Budget,Travel,1,34071,34071,Cash,user88859@outlook.com,+221892658335,no,16.60211372496293,-12.641408204762609
669,20975,44,1018385.0,Kaolack,Senegal,2023-06-17,2022-09-22,male,Corporate,Transport,1,53634,53634,Cash,user20975@companymail.com,+221776641197,0,16.697724320656427,-17.525039334388243
670,21023,32,247707.0,Thiès,Mauritania,2024-11-23,2025-11-20,M,Standard,Equipment,2,15640,31280,Cash,user21023@yahoo.com,720518449,1,8.876900161358702,-22.664275254828773
671,31447,39,616978.0,Dakar,Senegal,2024-06-27,2023-05-22,MALE,VIP,Transport,5,34281,171405,Card,user31447@gmail.com,00221289393123,0,15.985986309466668,-15.459388605309664
672,33959,53,418311.0,Thiès,Senegal,2024-04-15,2025-11-01,,Standard,Transport,7,15527,108689,MobileMoney,user33959@yahoo.com,277913700,0,,-10.985834365097984
673,76203,25,425773.0,Ziguinchor,Mauritania,2022-06-22,2022-04-03,,VIP,Travel,4,6442,25768,BankTransfer,user76203@companymail.com,310713,False,12.077712356426048,-15.26284996540063
674,39703,22,572689.0,Dakar,Cote dIvoire,2023-11-27,2024-08-04,M,VIP,Transport,2,26189,75312,,user39703companymail,172894,no,16.460428279248354,-19.76298477543122
675,19337,5,574696.0,Nouakchott,Mali,2024-06-09,2024-05-17,M,Standard,Consulting,1,39946,39946,MobileMoney,user19337@outlook.com,495871,False,19.19237602711653,-20.645837637536893
676,56427,40,618012.0,Dakar,Cote dIvoire,2022-12-05,2024-03-20,,Standard,Logistics,1,25427,25427,Cash,user56427@example.com,444374094,yes,15.81359189365556,-20.258906500522215
677,71529,47,238594.0,Dakar,Senegal,2024-02-17,2022-06-22,M,Standard,Logistics,1,39749,39749,Cash,user71529@companymail.com,055073,1,16.90085688451373,-11.390064358853861
678,94665,42,286965.0,Kaolack,Mali,2022-12-01,2025-02-02,F,Standard,Logistics,2,36278,72556,Card,user94665@example..com,00221026997461,no,18.308238183928808,-18.38198232156431
679,41921,28,1097476.0,Bamako,Senegal,2025-09-02,2025-06-24,F,Corporate,Equipment,4,33331,133324,MobileMoney,user41921example,354516785,0,13.039475698559896,-19.38793018148408
680,43307,40,394218.0,Dakar,Cote dIvoire,2024-07-20,2024-11-04,male,Corporate,Transport,6,50180,301080,MobileMoney,user43307@companymail.com,085398,no,10.984857109666166,-17.875309932381697
681,37355,21,540695.0,Thiès,Senegal,2022-12-21,2024-02-18,M,Standard,Consulting,8,27848,222784,MobileMoney,user37355@gmail.com,120116958,0,16.013732126619004,-18.350721145817104
682,14835,32,847294.0,Nouakchott,Mali,2024-09-17,2024-04-20,M,Standard,Travel,1,39568,39568,Card,user14835@gmail.com,898182,False,14.204776927117097,-12.697048920637489
683,30159,41,594258.0,Thiès,Senegal,2025-09-08,2024-01-16,,Standard,Transport,5,13363,66815,Cash,user30159@example.com,867687314,0,11.951653095256914,-20.443432473048908
684,57605,31,624631.0,Thiès,Senegal,2023-12-03,2022-05-06,,Standard,Transport,3,36185,108555,MobileMoney,user57605@outlook.com,00221314507147,0,14.543660127728414,-13.858070305018659
685,48088,65,769695.0,Abidjan,Cote dIvoire,2023-08-08,2025-09-02,Unknown,Budget,Equipment,3,31913,95739,Card,user48088@yahoo..com,500769,yes,16.155094747581238,-17.033723710646743
686,88752,18,126374.0,Dakar,Mali,2025-03-01,2023-06-15,M,Standard,Transport,5,20813,83681,MobileMoney,user88752@yahoo.com,+221277096111,yes,14.40205667047128,-13.778920459716943
687,65284,28,335384.0,Saint-Louis,Mali,2024-01-26,2023-08-07,,Corporate,Transport,1,39782,39782,MobileMoney,user65284@outlook.com,00221633898693,False,13.126344738529925,-12.652142868797846
688,67043,24,596102.0,Saint-Louis,Senegal,2025-12-11,2024-02-17,female,Corporate,Transport,4,26133,104532,MobileMoney,user67043@gmail.com,226833002,1,14.252985879406978,-17.14560709826071
689,45547,27,1034666.0,Thiès,Senegal,2025-03-09,2023-04-19,,Standard,Logistics,2,55786,111572,BankTransfer,user45547@outlook.com,683155837,no,14.66104706939731,-18.345190828797495
690,92844,27,468204.0,Thiès,Cote dIvoire,2025-06-22,2022-02-01,,Standard,Transport,4,5794,23176,BankTransfer,user92844@gmail.com,+221218579800,no,10.841035474747835,-17.20146350440469
691,37532,19,271081.0,Dakar,Cote dIvoire,2022-07-25,2023-09-09,female,VIP,Logistics,7,37979,265853,,user37532@gmail.com,866123198,yes,14.414450093658612,-17.684312016015394
692,44349,44,,Thiès,Mali,2025-09-27,2025-06-26,M,Standard,Equipment,4,35512,142048,MobileMoney,user44349@example..com,684537,no,12.011319055710215,-22.370899367216182
693,55445,28,764762.0,Dakar,Mauritania,2023-05-28,2022-09-30,,Standard,Transport,6,31630,189780,Card,user55445@companymail.com,+221 498127425,no,16.018051904042192,-12.742558878644779
694,15713,37,394881.0,Abidjan,Cote dIvoire,2024-12-03,2023-07-16,MALE,Standard,Logistics,3,28649,85947,BankTransfer,user15713@companymail.com,+221445151210,yes,11.577914848826444,-16.66264494785643
695,66178,30,448060.0,Saint-Louis,Mali,2023-02-08,2025-11-03,M,Corporate,Travel,2,35824,71648,MobileMoney,user66178@outlook.com,+221 834961983,yes,16.72538440910187,-20.88929755515316
696,59407,27,650841.0,Saint-Louis,Mali,2023-03-08,2023-12-26,male,Standard,Consulting,5,47746,238730,Cash,user59407@example.com,+221073628442,no,13.881669861572117,-23.602569960595225
697,80340,55,78912.0,Abidjan,Mauritania,2025-08-09,2023-09-24,F,Standard,Equipment,8,14934,119472,Card,,+221218893395,no,13.614048586455976,-24.382797698791045
698,60990,46,1494382.0,Bamako,Mali,2025-02-03,2024-04-03,F,Standard,Transport,3,25328,75984,Cash,user60990@companymail.com,925652,yes,15.288909194603944,-15.08855868993749
699,85672,18,,Dakar,Cote dIvoire,2023-02-16,2023-05-13,M,Budget,Equipment,5,22396,111980,MobileMoney,user85672@outlook.com,831825410,no,12.967931109553215,-19.256932705221285
700,75545,18,,Nouakchott,Mali,2024-04-10,2022-07-13,male,Standard,Transport,5,21832,109160,MobileMoney,user75545@gmail.com,+221688957825,True,15.257491508260127,-18.7647020043154
701,94791,48,161811.0,Dakar,Mali,2024-12-04,2023-02-09,MALE,Corporate,Transport,1,39113,39113,Card,user94791@example.com,+221680543903,no,13.235782450623258,-15.935537206383527
702,68141,29,349227.0,Dakar,Senegal,2024-05-23,2022-03-03,male,Standard,Transport,6,42072,252432,Cash,user68141@gmail.com,+221 630900946,True,13.58653097535046,-18.948144468305333
703,33793,18,949619.0,Abidjan,Senegal,2025-04-05,2024-03-02,M,Standard,Transport,8,47781,382248,BankTransfer,user33793@gmail.com,+221 718394435,False,15.51070833865827,-15.760426751839459
704,66570,48,142529.0,Kaolack,Mauritania,2022-12-30,2023-01-04,female,VIP,Equipment,2,42261,84522,MobileMoney,user66570@yahoo..com,+221337835338,yes,12.422838532531234,-17.114207806869853
705,47892,37,884451.0,Saint-Louis,Mali,2024-09-27,2025-01-20,F,Standard,Transport,3,43234,187821,BankTransfer,user47892@outlook.com,582660,yes,12.171325396475286,-17.652388749447706
706,11015,38,381851.0,Dakar,Mali,2025-02-11,2025-03-05,,Budget,Consulting,4,-5000,-20000,Card,user11015@outlook.com,+221475625825,no,15.196451014820683,-22.118251217074466
707,71813,45,,Kaolack,Mauritania,2023-09-12,2023-09-05,,Standard ,Equipment,2,52803,105606,MobileMoney,user71813@yahoo..com,977562663,no,14.64620029502123,-19.859194069316576
708,37712,19,667649.0,Thiès,Cote dIvoire,2025-09-21,2025-10-17,M,Budget,Logistics,3,32483,97449,MobileMoney,user37712outlook,329642555,no,15.037385489618783,-15.592393903239401
709,18415,18,,Nouakchott,Senegal,2025-07-10,2023-01-16,,Standard,Transport,3,47396,151938,,user18415@outlook.com,+221 966935335,no,15.35527847344284,-19.44606544459215
710,72292,54,267810.0,Dakar,Cote dIvoire,2024-10-18,2023-04-06,Unknown,VIP,Logistics,2,18486,36972,Cash,user72292@yahoo.com,615457728,1,14.814751107613962,-13.783891332646526
711,33833,18,361593.0,Abidjan,Mali,2025-08-20,2024-01-13,F,VIP,Transport,8,32103,256824,Card,user33833@gmail.com,+221869800280,yes,15.916185247934138,-10.360796028019802
712,14158,20,187226.0,Ziguinchor,Senegal,2025-05-14,2022-05-24,Unknown,Standard,Transport,1,46316,96920,Cash,user14158@gmail.com,+221713503388,False,14.894872573957317,-15.430844097476031
713,72680,23,604454.0,Abidjan,Senegal,2024-06-02,2023-12-07,M,Budget,Travel,9,35335,318015,Cheque,user72680@gmail.com,00221939721547,yes,10.685392200649392,-12.921504325904525
714,30309,60,,Bamako,Cote dIvoire,2022-06-19,2025-04-16,F,Budget,Transport,4,25952,103808,Cash,user30309@example..com,+221926939470,True,11.204230810676288,-15.237818285111793
715,16970,41,150593.0,Bamako,Cote dIvoire,2024-10-01,2024-04-21,F,Standard,Transport,4,50718,202872,Card,user16970@outlook.com,00221683796148,yes,18.555898360484164,-19.00278606801656
716,82474,47,284935.0,Thiès,Senegal,2022-02-27,2023-01-11,MALE,Standard,Travel,1,20943,20943,MobileMoney,user82474@companymail.com,+221822165463,yes,14.700143734117725,-16.799545005577723
717,96704,37,403502.0,Dakar,Senegal,2024-07-28,2025-07-24,,Standard,Transport,4,34755,139020,Card,user96704@gmail.com,+221 835128574,yes,16.600483303434192,-11.360037161707673
718,56540,28,499323.0,Dakar,Senegal,2023-01-09,2023-10-16,M,Standard  ,Consulting,2,42682,85364,MobileMoney,user56540@companymail.com,515703010,False,14.008592188745848,-18.970661227882353
719,30384,43,762615.0,Abidjan,Senegal,2024-12-20,2024-11-09,F,Standard,Transport,4,60148,240592,Cash,user30384@yahoo.com,+221503375143,yes,14.583969811212139,-20.517981896634222
720,28017,18,410727.0,Abidjan,Senegal,2024-01-09,2022-03-31,M,Standard,Transport,2,29500,59000,MobileMoney,user28017@gmail..com,742930593,1,,-20.802583269345806
721,85880,22,372290.0,Saint-Louis,Mali,2024-01-05,2023-05-18,male,Standard,Transport,2,31683,63366,Card,user85880@outlook.com,+221487209272,True,19.631854662922727,-18.052588151500647
722,18702,44,300000000.0,Dakar,Cote dIvoire,2024-11-30,2025-02-09,,VIP,Transport,6,29664,177984,MobileMoney,user18702@companymail.com,+221094451811,1,15.206484844728283,-20.410416265929186
723,10384,19,669442.0,Saint-Louis,Mali,2024-02-13,2023-08-02,,Standard,Transport,5,37862,189310,MobileMoney,user10384@yahoo.com,+221 483513810,no,13.630284188987604,-12.377941717688287
724,10404,33,621810.0,Bamako,Senegal,2024-11-03,2023-10-22,,VIP,Equipment,10,-5000,-50000,,user10404@companymail.com,+221303219376,False,11.396920573139617,-16.750930396226135
725,50943,33,481428.0,Saint-Louis,Senegal,2025-06-22,2022-04-15,F,Standard,Logistics,3,48120,144360,BankTransfer,user50943@companymail.com,011738130,True,18.647466885471705,-14.484821070718489
726,57926,29,811707.0,Abidjan,Senegal,2025-11-28,2023-01-28,F,Standard,Travel,3,44073,132219,MobileMoney,user57926@example.com,+221 804163471,no,,-18.295996171739095
727,39189,18,303524.0,Nouakchott,Senegal,2022-03-31,2021-07-09,,NGO,Transport,3,29032,87096,Card,user39189@example.com,+221493428750,no,16.188458239123193,-20.820591593268354
728,22763,27,279676.0,Dakar,Mauritania,2022-06-05,2023-11-17,Unknown,Standard,Logistics,3,44760,134280,MobileMoney,user22763@gmail.com,+221943872536,False,16.41199458061309,-21.32818183629983
729,28384,25,704091.0,Saint-Louis,Senegal,2023-07-14,2022-08-18,M,Standard,Logistics,5,36099,180495,MobileMoney,user28384example,+221 596868987,False,13.774338953139258,-20.123975226534363
730,70100,37,169733.0,Saint-Louis,Senegal,2023-11-26,2025-02-28,F,Standard,Travel,2,43943,87886,BankTransfer,user70100@example.com,00221224696070,no,16.044905550772313,-16.357423517919866
731,19860,36,475590.0,Thiès,Cote dIvoire,2025-02-05,2023-10-01,F,VIP,Transport,3,44628,133884,Cash,user19860@outlook.com,+221314533631,True,13.491723426496764,-15.840351204696155
732,90642,40,372156.0,Dakar,Senegal,2024-07-30,2024-04-17,M,Budget,Logistics,3,54562,163686,Card,user90642@companymail.com,00221035778412,no,12.719147275921168,-15.590411780823944
733,60612,27,193600.0,Dakar,Senegal,2025-01-20,2023-03-17,M,VIP,Travel,4,30745,122980,MobileMoney,user60612@companymail.com,+221502664264,no,17.028929385024423,-21.86601805134557
734,33574,41,,Abidjan,Cote dIvoire,2025-11-30,2023-04-14,M,Corporate,Transport,2,28453,56906,Card,user33574@outlook.com,+221567115740,yes,14.3836212403556,-17.40122755769481
735,33524,18,421518.0,Saint-Louis,Senegal,2023-07-21,2023-08-22,,Corporate,Travel,2,40366,80732,Card,user33524@yahoo.com,+221983907110,yes,15.73702566720531,-20.478185492677177
736,79172,18,836834.0,Kaolack,Senegal,2024-01-30,2024-07-24,F,Standard,Transport,6,49190,295140,Card,user79172@outlook.com,056343,1,15.52184198776354,-16.195602097246415
737,20916,18,,Nouakchott,Mali,2023-12-06,2022-11-02,M,Standard,Equipment,5,35697,178485,MobileMoney,user20916@companymail.com,+221059966765,no,15.975863920110577,-15.962768833507642
738,14809,29,931947.0,Abidjan,Mali,2024-01-22,2024-03-27,M,Standard,Travel,8,49973,399784,Cheque,user14809outlook,728239572,yes,11.58692613159675,-20.916519141079313
739,42201,26,467386.0,Dakar,Mali,2023-02-23,2022-04-16,Unknown,Standard,Consulting,2,43281,86562,MobileMoney,user42201@companymail.com,544486885,no,,-14.495911178410955
740,63330,44,,Ziguinchor,Senegal,2025-07-04,2022-07-27,,Standard,Transport,3,32585,97755,Card,user63330@gmail.com,00221371409105,no,14.051049685007149,-10.383531175415264
741,23456,27,313109.0,Saint-Louis,Senegal,2022-07-25,2022-10-16,F,VIP,Transport,6,41760,281361,Cash,user23456@gmail.com,+221346904369,False,13.037042654197018,-14.895492787246011
742,66397,38,437013.0,Abidjan,Mauritania,2023-11-16,2023-11-03,F,VIP,Travel,5,29782,148910,Cash,user66397@companymail.com,339442447,True,15.558013696032775,-17.888502118653314
743,48765,45,561346.0,,Senegal,2022-03-20,2024-05-31,FEMALE,Standard,Logistics,6,37863,227178,MobileMoney,user48765@yahoo.com,00221417810520,no,17.073786155191794,-18.349637109629224
744,44816,27,404051.0,Bamako,Cote dIvoire,2022-12-20,2023-09-28,M,Standard,Transport,5,22122,110610,MobileMoney,user44816@gmail.com,00221785504268,True,17.390369310692595,-18.027191945017524
745,55106,39,797165.0,Thiès,Mali,2023-04-16,2024-01-15,M,Corporate,Consulting,4,34182,136728,Card,user55106@companymail.com,+221546844934,no,14.021590469580232,-19.68220154033103
746,63932,47,119667.0,Abidjan,Senegal,2023-06-10,2022-08-09,F,VIP,Logistics,5,46996,234980,MobileMoney,user63932@outlook.com,+221381784650,1,15.283931724915814,-16.64280538004385
747,27100,20,1925019.0,Dakar,Cote dIvoire,2025-01-25,2025-01-01,M,Budget,Transport,7,44206,309442,MobileMoney,user27100@companymail.com,+221 789072597,False,15.591287008980197,-20.815387773462913
748,67091,35,752885.0,Dakar,Mauritania,2024-10-16,2024-08-11,F,Standard,Transport,5,42450,212250,Card,user67091@outlook.com,00221666855856,no,15.942512188407058,-23.069093359793698
749,31949,27,405503.0,Thiès,Cote dIvoire,2024-09-10,2024-12-24,,Standard,Transport,0,38450,0,Card,user31949@example.com,175367093,1,12.943729853854713,-16.741194954559354
750,80080,21,323065.0,Dakar,Senegal,2022-04-16,2022-08-10,male,Standard,Logistics,3,36918,110754,Cheque,user80080@yahoo.com,00221853078449,no,18.34116053652993,-17.336300802672536
751,47744,18,267574.0,Dakar,Senegal,2025-04-17,2024-02-16,F,Standard,Consulting,5,19795,95610,Card,user47744@companymail..com,+221 743594780,yes,16.553040368692887,-19.113510049311582
752,55543,21,662895.0,Abidjan,Senegal,2025-11-02,2025-04-19,,Standard,Logistics,1,32527,106386,MobileMoney,user55543@example.com,859467,no,16.60529868738488,-21.248089867831098
753,46187,36,817488.0,Nouakchott,Mali,2023-06-16,2025-11-16,M,Standard,Equipment,4,37191,148764,,user46187@yahoo.com,+221927064117,False,17.106920113800793,-16.530767919257894
754,17239,18,408190.0,Thiès,Mali,2024-05-02,2022-06-06,M,Budget,Travel,2,21507,43014,MobileMoney,user17239@gmail.com,+221 206261313,no,15.768271884531968,-20.370525115711352
755,24489,28,874316.0,Thiès,Senegal,2023-10-07,2025-04-18,male,Standard	,Consulting,5,13979,69895,MobileMoney,user24489@yahoo.com,719294894,False,12.645373153898054,-17.816833052596003
756,68017,45,261097.0,Thiès,Mauritania,2022-08-08,2024-12-07,male,Standard,Transport,3,48546,145638,MobileMoney,user68017@example.com,+221839483443,True,14.422054536889785,-12.105084437620665
757,71877,40,234853.0,Thiès,Senegal,2025-05-05,2025-07-21,M,Budget,Consulting,4,35610,142440,BankTransfer,user71877@example.com,+221 456501629,yes,11.397893209876168,-15.446430691273846
758,53125,29,,Dakar,Senegal,2025-04-20,2022-05-31,F,Budget,Transport,5,37520,319471,BankTransfer,user53125@gmail.com,+221 153452022,no,15.530145019398168,-21.50739798714509
759,59922,55,641566.0,Nouakchott,Cote dIvoire,2022-07-23,2025-04-17,female,Standard ,Logistics,6,41668,250008,MobileMoney,user59922@companymail.com,00221613759291,1,14.361572683668905,-21.224554713036905
760,42049,58,1040396.0,Dakar,Senegal,2024-02-19,2024-08-24,female,Standard,Consulting,3,23214,69642,Card,user42049@yahoo.com,001287,no,14.618955232946137,-16.944542721768723
761,47131,35,,Saint-Louis,Senegal,2025-03-16,2025-02-14,female,Corporate,Transport,5,30158,150790,Card,user47131@example.com,+221866463403,yes,17.1080022601713,-21.52596204617706
762,52944,18,258561.0,Dakar,Mali,2022-02-22,2025-11-18,F,Standard,Travel,6,53049,318294,MobileMoney,user52944@example.com,+221170785096,False,13.78601192288708,-23.405176443702857
763,83963,46,362884.0,Abidjan,Senegal,2024-06-18,2025-06-16,M,Standard,Transport,5,29136,145680,MobileMoney,user83963@companymail.com,+221 486413181,0,14.195753682455846,-15.802883966109828
764,34285,18,,Bamako,Mali,2023-09-28,2024-10-30,F,Standard,Consulting,6,31810,190860,Cash,user34285@outlook.com,+221087114317,no,14.743946591926433,-16.437192737037396
765,47626,53,687091.0,Nouakchott,Cote dIvoire,2022-06-11,2025-11-07,M,Budget,Transport,2,26966,53932,Cash,user47626@yahoo.com,338398217,no,11.020015501172734,-16.0482050061626
766,52808,48,286739.0,Abidjan,Senegal,2024-07-15,2025-02-26,MALE,VIP,Travel,4,26110,104440,MobileMoney,user52808@companymail.com,00221177485426,yes,14.167872688475994,-16.610894454546287
767,98464,56,222794.0,Thiès,Mauritania,2025-10-12,2022-12-30,F,NGO,Transport,6,48266,289596,Card,user98464@yahoo.com,+221 836210541,no,9.728410175427634,-17.595932135017183
768,63871,38,490025.0,Dakar,Mali,2024-06-16,2023-05-26,F,Standard,Transport,2,5280,10560,MobileMoney,user63871@outlook.com,282606876,False,13.528956876208522,-19.386565643029982
769,29198,31,207526.0,Bamako,Senegal,2022-02-25,2023-07-27,Unknown,Budget,Transport,1,29516,6279,,user29198@outlook.com,731823617,True,16.410378106785654,-15.85159510173617
770,29758,30,152867.0,Thiès,Senegal,2023-01-07,2024-08-31,F,Standard,Transport,2,37705,75410,MobileMoney,user29758@outlook.com,+221 748708488,no,15.594533116502138,-12.810349534784546
771,25254,28,487457.0,Ziguinchor,Senegal,2022-12-31,2022-04-15,F,Standard,Transport,3,55361,166083,Cash,user25254@yahoo.com,00221276691111,no,13.510359379091847,-18.90368702233036
772,54238,47,157546.0,Dakar,Mali,2023-06-14,2023-09-24,Unknown,Corporate,Logistics,4,21377,85508,Cash,user54238@outlook.com,00221614687862,1,14.781596436447623,-20.462220630624895
773,11252,44,716526.0,Dakar,Cote dIvoire,2025-04-28,2023-06-23,,Standard,Transport,2,19332,38664,Card,user11252example,651093354,no,12.550020865739189,-20.805358258233717
774,49764,36,194814.0,Kaolack,Cote dIvoire,2023-05-15,2024-05-31,female,Standard,Transport,3,24679,74037,Card,user49764@outlook.com,896828185,yes,14.69531319370096,-20.000190700001152
775,87709,26,117313.0,,Mali,2023-03-01,2025-10-12,M,VIP,Transport,3,43420,130260,MobileMoney,,+221192486231,no,20.56064057098502,-16.79220442657178
776,47441,67,377273.0,Abidjan,Cote dIvoire,2023-05-15,2024-12-07,male,VIP,Equipment,6,36503,219018,,user47441@example.com,+221 524404599,no,18.391602640743862,-23.81888269066068
777,63682,46,490784.0,Dakar,Mali,2023-08-05,2025-07-25,Unknown,Standard,Consulting,2,17688,35376,Card,user63682@gmail.com,+221 129424479,yes,14.805244260034522,-16.08248872670302
778,69494,18,604337.0,Kaolack,Mauritania,2022-09-30,2023-10-12,M,Budget,Equipment,4,36195,144780,,user69494@companymail.com,+221202082752,yes,15.020288329830748,-15.46826096911153
779,91317,29,498926.0,Dakar,Senegal,2023-03-06,2023-04-22,M,Standard	,Consulting,3,53617,160851,Cash,user91317@outlook.com,00221264170339,yes,12.740869370730897,-22.79423507982864
780,75215,46,238331.0,Dakar,Senegal,2024-04-06,2024-09-25,,VIP,Transport,5,38174,190870,Cheque,user75215@gmail.com,+221306919247,no,13.096421784097899,-20.337541308832797
781,88587,25,690271.0,Saint-Louis,Mauritania,2022-02-06,2025-02-25,M,Standard,Transport,6,-12000,-72000,MobileMoney,user88587@gmail.com,+221185832443,no,15.424368644209387,-17.16095706046376
782,16949,39,800575.0,Dakar,Senegal,2025-01-22,2023-08-09,Unknown,Standard,Transport,4,37697,144739,BankTransfer,user16949@outlook.com,+221748667395,no,13.65021486872703,-17.83040919091319
783,65393,46,218283.0,Dakar,Senegal,2024-03-27,2023-09-15,F,Budget,Equipment,4,39974,159896,BankTransfer,user65393@example.com,815724,yes,16.508299189703163,-15.841087595194228
784,83553,18,403689.0,Thiès,Senegal,2025-02-09,2025-03-31,F,Standard,Travel,4,19795,79180,MobileMoney,user83553@outlook.com,00221340369699,True,17.839371361955514,-17.823410464549095
785,16941,34,381680.0,Thiès,Senegal,2022-12-14,2025-11-14,M,VIP,Logistics,3,32217,96651,MobileMoney,user16941@yahoo.com,00221540764996,yes,15.365241569562077,-13.605691419675104
786,35934,34,513616.0,Dakar,Mali,2024-07-21,2023-09-19,Unknown,Corporate,Transport,4,32843,131372,Cash,user35934@yahoo.com,+221274113693,no,14.903474411679852,-18.363508197131043
787,33386,30,397937.0,Dakar,Senegal,2023-04-26,2023-12-12,F,Standard,Transport,7,29198,204386,MobileMoney,user33386@gmail.com,00221535989888,False,11.338440750178696,-20.34909896015926
788,71886,39,432041.0,Dakar,Mali,2024-05-03,2025-02-25,male,Corporate,Transport,3,43233,129699,Card,user71886@example.com,+221829245807,1,16.1952204905441,-20.590325598785267
789,85745,43,661386.0,Dakar,Senegal,2025-07-21,2023-05-05,female,Corporate,Logistics,2,27392,54784,BankTransfer,user85745@companymail.com,+221396556352,1,12.412657396921883,-15.193594472154931
790,93251,37,230658.0,Bamako,Mali,2025-06-01,2025-07-08,,Budget,Transport,4,30680,221431,Cash,user93251gmail,128521494,no,13.86398174273316,-17.31113657412925
791,63413,31,700414.0,,Mauritania,2023-12-20,2025-02-15,MALE,Standard,Travel,2,19878,39756,MobileMoney,user63413gmail,+221684329866,yes,16.61915178477027,-15.498852297824413
792,66800,43,892411.0,Thiès,Senegal,2023-12-03,2022-07-14,male,Budget,Transport,5,39540,197700,Cash,user66800outlook,790344021,1,16.759516328618062,-15.560632502312446
793,52318,36,1199582.0,Thiès,Cote dIvoire,2023-12-15,2022-04-14,F,Budget,Travel,6,46303,277818,BankTransfer,user52318@companymail.com,+221427005035,1,13.766984945299765,-23.45954955829152
794,80173,32,124366.0,Bamako,Senegal,2025-11-15,2023-06-14,MALE,Standard,Equipment,3,30668,92004,Card,user80173@companymail.com,00221838856042,yes,13.882168930160027,-20.82024780307033
795,80390,19,403230.0,Abidjan,Senegal,2025-12-08,2022-04-25,female,Standard,Equipment,4,44689,178756,MobileMoney,user80390@gmail.com,+221 538635126,no,13.301362253486655,-20.46187512151146
796,62329,18,138405.0,Abidjan,Senegal,2025-08-10,2023-10-02,F,Standard,Consulting,1,33237,33237,MobileMoney,user62329@companymail..com,+221396840451,True,12.304292509348178,-19.848192565475287
797,53088,19,104398.0,Bamako,Senegal,2023-11-05,2023-03-29,M,Standard,Consulting,2,4671,9342,,user53088@example.com,00221181275034,yes,13.430409035791516,-18.661065979729578
798,49811,38,490636.0,Kaolack,Senegal,2023-01-26,2024-10-14,,Standard,Consulting,8,34382,275056,MobileMoney,user49811@gmail.com,00221202810664,no,95.0,200.0
799,65479,34,354163.0,Bamako,Senegal,2025-12-19,2024-08-27,F,Standard,Consulting,7,32893,230251,BankTransfer,user65479@outlook.com,+221049384913,no,16.06612516301653,-13.8045529428483
800,95392,18,538700.0,,Mali,2023-03-31,2023-09-29,female,Standard,Logistics,3,36236,108708,Cash,user95392@yahoo.com,872712,0,15.48904721032375,-18.27867249060899
801,97369,43,602402.0,,Cote dIvoire,2025-04-29,2024-05-07,F,Standard,Travel,3,500000,1500000,BankTransfer,user97369@example.com,997030045,0,15.821058569741025,-18.15384258397423
802,29963,51,951448.0,Dakar,Senegal,2025-12-23,2023-05-03,M,Standard,Equipment,4,26793,107172,MobileMoney,user29963@outlook.com,+221543947815,0,95.0,200.0
803,65123,28,464797.0,Thiès,Mauritania,2025-05-10,2024-03-11,male,Standard,Equipment,5,-5000,-25000,BankTransfer,user65123@example..com,+221103724944,no,12.309858872969887,-17.132436908284365
804,83477,18,2599985.0,Nouakchott,Senegal,2023-04-02,2025-10-24,M,Corporate,Travel,4,34206,136824,Card,user83477@example.com,+221770017903,yes,14.80702854862712,-16.79243735179819
805,24388,26,540824.0,Kaolack,Mali,2023-09-12,2024-03-19,F,Standard,Transport,5,32604,163020,MobileMoney,user24388@yahoo.com,+221259238894,no,14.82820512990045,-14.980573334993203
806,15569,45,1359313.0,Bamako,Mali,2022-11-23,2022-04-27,male,Standard,Transport,2,43934,63305,BankTransfer,user15569@companymail.com,767444,1,14.40546034497411,-15.004683822052339
807,79836,42,111002.0,,Mali,2022-07-31,2025-10-29,F,Standard,Logistics,5,35222,176110,Card,user79836@gmail.com,+221547715995,1,14.1210334616243,-24.306354153207153
808,46586,24,1011401.0,Saint-Louis,Senegal,2025-04-02,2023-02-13,Unknown,Standard,Logistics,4,65790,263160,MobileMoney,user46586@example.com,694947,False,18.121551555388773,-17.857634842911352
809,22015,53,403748.0,Dakar,Senegal,2022-03-23,2025-11-02,Unknown,Budget,Equipment,5,32481,162405,Cash,user22015@companymail.com,401462,no,15.552050023585956,-13.247699907329688
810,55002,51,139804.0,Dakar,Senegal,2022-10-10,2025-05-13,Unknown,Corporate,Transport,5,39222,196110,Cash,,012873782,1,18.64135678293298,-18.71434478191475
811,16254,26,579158.0,Abidjan,Senegal,2022-07-20,2025-11-30,M,Standard,Logistics,5,26010,130050,MobileMoney,user16254@companymail.com,00221796860845,no,17.237930050863266,-13.982274544910133
812,27144,26,375206.0,Ziguinchor,Senegal,2022-12-07,2024-10-04,M,NGO,Logistics,4,45446,181784,MobileMoney,user27144@yahoo.com,+221 133460938,yes,18.106541852034688,-18.319355400033565
813,34214,28,637325.0,Thiès,Senegal,2024-12-12,2025-07-13,male,VIP,Transport,1,38705,38705,MobileMoney,user34214yahoo,+221 725876604,no,12.551074467287995,-16.875229597674107
814,90719,29,825421.0,Abidjan,Senegal,2022-05-19,2023-04-19,,Standard,Consulting,5,30932,154660,Cash,user90719@companymail.com,+221151202643,no,15.88634198199606,-20.810672077197445
815,81774,46,,Dakar,Senegal,2025-12-26,2023-09-02,Unknown,VIP,Equipment,4,24531,98124,Card,user81774@example.com,+221770881175,False,13.836469022013253,-20.697745672699543
816,16090,40,827326.0,Nouakchott,Cote dIvoire,2023-04-10,2024-07-08,,Corporate,Transport,7,19287,135009,Card,user16090companymail,+221147528795,no,11.373226577280933,-15.223525283210956
817,21637,46,451753.0,Thiès,Cote dIvoire,2025-05-13,2023-12-04,F,Standard,Logistics,2,40025,80050,MobileMoney,user21637@yahoo.com,312785316,False,17.69200633911105,-14.754545159398004
818,32415,43,1013284.0,Thiès,Mauritania,2024-11-25,2024-12-19,F,Standard,Logistics,4,18357,73428,BankTransfer,user32415@example.com,+221698493951,no,,-17.320713281398522
819,34071,56,,Thiès,Senegal,2022-08-03,2023-01-22,F,Budget,Transport,4,50702,202808,MobileMoney,user34071@companymail.com,+221866468948,yes,12.58979673946663,-21.08257272791517
820,68243,22,339340.0,Dakar,Mali,2025-01-15,2024-11-17,M,Standard,Transport,4,19846,79384,Cash,user68243@companymail.com,+221 263126785,yes,13.870872273502613,-17.268586330178355
821,51240,40,457364.0,Dakar,Cote dIvoire,2023-12-09,2024-07-24,M,VIP,Travel,4,32860,131440,BankTransfer,user51240@yahoo.com,+221340888299,yes,95.0,200.0
822,93807,18,478360.0,Bamako,Cote dIvoire,2022-06-16,2023-09-23,MALE,Corporate,Transport,3,24422,73266,MobileMoney,user93807@example.com,+221725472089,no,13.312604064766665,-12.171400589844717
823,43434,19,302347.0,Abidjan,Senegal,2023-01-30,2022-10-03,M,Standard,Transport,4,35392,141568,MobileMoney,user43434@yahoo.com,+221 137590745,yes,14.2567932196347,-18.35012379697774
824,79724,34,334108.0,Abidjan,Mauritania,2025-06-06,2025-07-09,M,Standard,Transport,4,35318,141272,Cash,user79724@outlook.com,00221423415130,no,18.161630386089485,-22.379603550773368
825,85697,40,215535.0,Dakar,Senegal,2022-09-11,2022-08-29,,Standard,Consulting,4,40338,161352,MobileMoney,user85697@outlook.com,00221671206397,False,13.367365566910747,-14.878909201335663
826,38732,34,346700.0,Kaolack,Senegal,2023-11-14,2025-07-28,,Standard,Consulting,3,16685,50055,Card,user38732@outlook.com,+221 591008021,1,18.01854132843838,-18.227889289365002
827,21314,28,675217.0,Dakar,Senegal,2024-06-07,2022-07-19,male,VIP,Consulting,3,25836,77508,Card,user21314@gmail.com,+221 300336777,0,16.39767359195904,-14.57087807531688
828,33954,30,414401.0,Dakar,Senegal,2022-10-04,2022-03-03,female,Standard,Transport,3,46647,139941,Cash,user33954@outlook.com,+221808970683,yes,15.492543127172171,-16.55678332494714
829,67108,51,824425.0,Bamako,Senegal,2022-03-31,2023-01-24,,VIP,Travel,6,42903,257418,Cash,user67108@outlook.com,808534,no,16.196240064503748,-20.050332317285548
830,97044,30,402619.0,Kaolack,Mali,2022-03-23,2024-05-18,F,Standard,Transport,3,5006,15018,Cash,user97044@outlook..com,+221 937210517,no,14.727311327674915,-17.225266918021855
831,97505,56,190630.0,Dakar,Senegal,2025-07-09,2023-06-23,,Corporate,Transport,7,39527,276689,Card,user97505@gmail.com,+221938337742,True,17.27210020772685,-13.474984898837015
832,46668,45,643944.0,Dakar,Senegal,2023-03-09,2025-03-01,M,NGO,Logistics,5,22610,113050,Cash,user46668@companymail.com,+221884762483,yes,15.8339605265342,-17.84746196690173
833,33061,40,300388.0,Nouakchott,Mali,2025-06-04,2024-11-06,,Standard,Transport,4,27898,111592,MobileMoney,user33061@example.com,747486484,no,11.370668029948973,-20.504415490336132
834,89252,21,,Dakar,Mali,2024-07-10,2024-05-15,Unknown,Standard,Travel,4,32272,129088,Cash,user89252@gmail..com,+221385522305,no,15.29250386377993,-22.165932505789968
835,49749,46,945573.0,Saint-Louis,Senegal,2022-06-12,2025-06-02,Unknown,Corporate,Travel,1,53689,53689,MobileMoney,user49749gmail,365738,no,16.26794628598523,-19.716494060593952
836,26907,29,224242.0,Kaolack,Cote dIvoire,2023-11-22,2023-03-14,F,Standard,Transport,6,22488,134928,Cash,user26907@yahoo.com,00221454503831,0,14.121997562797565,-18.630408785312945
837,28777,21,496753.0,Dakar,Senegal,2022-03-28,2022-10-16,F,Standard,Travel,3,18153,85454,BankTransfer,user28777@yahoo.com,00221263085824,yes,14.952511745427865,-14.940002592248222
838,61745,41,439192.0,Dakar,Senegal,2023-11-27,2023-06-16,male,Corporate,Equipment,4,40404,161616,BankTransfer,user61745@gmail.com,+221 108040446,no,13.474284010651186,-20.762547803434863
839,91818,18,685263.0,Thiès,Mali,2024-12-21,2025-09-07,M,Budget,Travel,4,34664,138656,Card,user91818@example.com,+221908046710,0,11.944748687872877,-12.738744342811092
840,33624,26,751702.0,Abidjan,Senegal,2023-09-16,2025-09-19,M,Budget,Transport,5,49484,247420,MobileMoney,user33624@companymail.com,+221395002454,no,11.59924625813752,-21.411456632523574
841,33321,35,527185.0,Kaolack,Cote dIvoire,2025-03-31,2023-03-13,M,Budget,Logistics,3,30766,92298,Cash,user33321@gmail.com,481058,no,11.625864025862272,-10.405541722329488
842,20488,62,362499.0,Bamako,Cote dIvoire,2023-12-26,2023-02-23,F,Standard,Transport,6,49530,297180,BankTransfer,user20488@companymail.com,00221493520383,yes,16.038089484941064,-12.223444329736585
843,32574,27,597809.0,,Cote dIvoire,2024-10-23,2022-07-15,Unknown,Standard,Equipment,2,250000,500000,MobileMoney,user32574@yahoo.com,362950320,0,9.719436583247342,-16.976501251836023
844,15240,30,1002890.0,Abidjan,Senegal,2025-07-22,2025-01-30,F,Budget,Transport,5,41349,206745,Cash,user15240@yahoo.com,345115402,False,13.367040146073037,-22.343080604308774
845,53221,44,442692.0,Saint-Louis,Senegal,2022-01-14,2022-12-01,M,Standard,Logistics,1,54487,54487,Card,user53221companymail,108419326,1,13.168693429509243,-17.566272185947263
846,20478,20,383329.0,Saint-Louis,Senegal,2022-05-31,2022-03-15,male,Standard,Transport,7,32993,230951,Cash,user20478@companymail.com,+221936943317,True,14.13568092802507,-18.560522873959517
847,65645,40,568016.0,Bamako,Senegal,2025-01-13,2024-09-05,,Budget,Transport,3,47536,142608,Card,user65645@gmail.com,318962600,no,10.987136900127593,-21.22286166915277
848,29262,49,460579.0,Bamako,Cote dIvoire,2023-04-12,2022-03-23,M,Budget,Consulting,3,27637,82911,MobileMoney,user29262@example.com,00221385251162,yes,15.507776189481236,-16.52697111825767
849,62796,31,201668.0,Kaolack,Cote dIvoire,2024-03-10,2024-05-21,M,Standard,Travel,2,37730,75460,,user62796@companymail.com,+221133285457,yes,12.1536772116802,-19.870929389566932
850,14432,47,519489.0,Bamako,Mali,2025-06-05,2025-01-12,F,Budget,Consulting,5,17664,88320,Card,user14432@gmail.com,+221364343770,1,16.96481108141854,-19.544717541148742
851,74291,38,200575.0,Dakar,Mauritania,2025-02-15,2024-06-16,Unknown,Budget,Travel,2,28948,57896,Cash,,+221231471865,no,13.456468624822335,-18.011035903717065
852,89104,26,563370.0,,Cote dIvoire,2025-06-12,2025-04-21,male,Standard,Transport,5,22304,169407,Card,user89104@companymail.com,+221143702974,0,14.508773953176158,-19.12472648611711
853,69399,33,278930.0,Thiès,Senegal,2025-06-08,2024-02-16,Unknown,Standard,Logistics,4,49649,198596,Cash,user69399@companymail.com,+221424300630,1,14.707547713110412,-11.16553014866991
854,89714,30,460067.0,Dakar,Senegal,2022-06-26,2024-08-24,MALE,Standard,Logistics,3,55866,167598,BankTransfer,user89714@example.com,078264249,False,15.188482105721143,-19.00714389899865
855,60428,34,568843.0,Dakar,Mali,2025-07-03,2023-02-26,Unknown,Standard,Transport,4,30744,146344,Cash,user60428@example.com,+221873449166,no,14.774028754992283,-16.077356965816573
856,97731,37,1961745.0,Bamako,Mauritania,2022-07-09,2022-11-08,male,VIP,Logistics,4,25724,102896,MobileMoney,user97731@yahoo.com,834696,no,13.845778902534736,-16.963432523368912
857,10302,42,702677.0,Kaolack,Senegal,2023-01-15,2024-10-29,F,Standard,Consulting,4,19233,76932,Card,user10302@companymail.com,00221771830046,no,15.386097061388085,-16.341749324223382
858,92558,41,,Thiès,Senegal,2024-03-21,2023-01-20,M,Standard,Logistics,2,38174,76348,Card,user92558@gmail.com,+221 260010836,no,15.632294260989907,-16.112734789167202
859,10055,18,1383396.0,Kaolack,Cote dIvoire,2023-09-04,2024-03-06,FEMALE,Standard,Equipment,3,27773,83319,MobileMoney,user10055@companymail.com,00221660029162,True,13.169730665780758,-14.755915540181633
860,18717,34,603533.0,Kaolack,Senegal,2023-03-30,2022-03-04,F,Corporate,Logistics,5,28415,142075,MobileMoney,user18717@outlook.com,+221025842745,yes,15.552735637947114,-16.600661773144072
861,38699,18,534142.0,Dakar,Cote dIvoire,2022-10-04,2022-09-03,M,VIP,Transport,3,54555,163665,Card,,+221303031557,False,17.083440604803393,-16.72531261534104
862,83686,32,237274.0,Bamako,Cote dIvoire,2023-07-28,2024-04-26,female,Budget,Transport,6,31443,188658,MobileMoney,user83686@yahoo.com,+221702507509,False,16.111788392209103,-17.22456879459558
863,77661,34,419586.0,Abidjan,Senegal,2022-08-07,2022-06-19,F,Budget,Logistics,5,42040,210200,MobileMoney,user77661@example.com,+221974091336,no,16.56475048329437,-17.815253557019922
864,54247,47,291603.0,Abidjan,Senegal,2025-07-29,2023-11-06,male,VIP	,Transport,5,35636,178180,Card,user54247@outlook.com,00221662553081,no,15.04384169781489,-20.13539364498203
865,26748,35,,Bamako,Senegal,2022-10-25,2022-04-21,male,Corporate,Transport,4,18738,74952,MobileMoney,user26748@yahoo.com,+221069299842,yes,12.827699107850242,-17.582605132260603
866,14621,38,1382496.0,Kaolack,Mali,2023-08-22,2024-09-08,F,Standard,Transport,2,12861,25722,MobileMoney,user14621@example.com,00221266604067,yes,13.080711080592708,-16.6761978742034
867,25034,45,482037.0,Dakar,Mali,2025-10-15,2023-02-24,,Standard,Logistics,1,40850,40850,Cash,user25034@outlook.com,292632595,yes,15.339775935708822,-16.193506330281615
868,15126,50,266056.0,Thiès,Cote dIvoire,2025-06-30,2024-01-11,F,Budget,Transport,3,55449,166347,MobileMoney,user15126@example.com,+221529483142,no,16.58552745030462,-16.85914568102929
869,15122,34,1026559.0,Dakar,Mali,2024-06-20,2025-05-17,F,Standard,Equipment,2,38780,77560,,user15122@outlook.com,233463682,yes,20.27182382798811,-18.0988650403456
870,28030,36,798243.0,Nouakchott,Senegal,2025-07-08,2022-05-12,male,Budget  ,Consulting,2,42489,84978,Cash,user28030@yahoo.com,849190607,1,16.663643888877207,-17.57123970958769
871,92838,35,823727.0,Dakar,Senegal,2022-06-07,2024-03-09,female,VIP,Transport,5,24144,120720,MobileMoney,user92838@example.com,+221689562825,no,12.359128485004995,-19.060939453652374
872,94717,28,135040.0,Dakar,Mali,2022-01-13,2024-10-09,Unknown,Budget,Equipment,2,47179,94358,BankTransfer,,00221083940059,yes,13.165454855280034,-16.460328026980307
873,65658,26,1448741.0,Abidjan,Senegal,2023-06-16,2022-12-04,F,Standard,Consulting,4,47030,240655,BankTransfer,,012614897,no,19.257034631911996,-18.063384683742363
874,48638,18,,Nouakchott,Senegal,2023-03-13,2024-01-19,,Standard,Consulting,6,26646,159876,Cash,user48638@companymail.com,00221108938659,False,14.271222136046443,-16.85831718540759
875,77067,22,717678.0,Abidjan,Senegal,2023-03-01,2023-05-07,M,Standard,Logistics,5,41545,207725,Card,user77067@outlook.com,930455067,1,14.795029269522576,-14.39759086985234
876,98869,18,2045766.0,Dakar,Senegal,2023-08-16,2024-02-25,,Budget,Transport,6,13803,82818,MobileMoney,user98869@outlook.com,+221114663286,no,-120.0,200.0
877,44674,50,,Dakar,Senegal,2022-07-15,2025-10-27,F,Budget,Consulting,5,43687,218435,Cash,user44674@yahoo.com,+221124298936,0,17.830206811148486,-15.609913857268547
878,45854,37,250313.0,Saint-Louis,Senegal,2024-01-01,2023-05-02,female,Standard,Transport,5,28131,164324,MobileMoney,user45854@companymail.com,+221908000466,0,15.70066641464125,-17.30036946034388
879,56271,33,189149.0,Dakar,Senegal,2025-07-13,2023-12-26,M,Standard,Travel,3,20274,60822,MobileMoney,user56271@companymail.com,+221058539829,True,13.150797304229377,-11.336419201257733
880,83688,26,1061518.0,Dakar,Senegal,2025-11-04,2024-09-16,M,Standard,Equipment,1,39832,39832,BankTransfer,user83688@gmail.com,00221356827704,yes,12.712349422285456,-18.048900985390528
881,48518,35,490037.0,Saint-Louis,Mali,2024-02-27,2024-03-22,F,Corporate,Logistics,3,13739,41217,Cash,user48518@gmail.com,+221 477121019,True,15.314407891795744,-15.314506250546799
882,20267,25,333192.0,,Cote dIvoire,2022-07-21,2022-07-14,,Standard ,Transport,6,39109,234654,Card,user20267@gmail.com,050175,no,14.788412349760904,-17.35393964473207
883,11062,37,653262.0,Thiès,Senegal,2023-07-28,2023-02-21,male,Budget,Transport,7,21413,149891,BankTransfer,user11062@companymail.com,+221468833327,False,16.364220434442252,-21.56491352494048
884,60448,38,408103.0,Bamako,Cote dIvoire,2023-12-13,2025-05-10,,Budget,Transport,2,18845,37690,MobileMoney,,+221 958252121,no,15.793936946254398,-18.96206728655743
885,16229,25,685427.0,Bamako,Senegal,2024-12-19,2024-11-11,F,Standard,Logistics,1,35718,35718,BankTransfer,user16229yahoo,00221692716286,False,14.171039302462754,-14.758586683714817
886,66793,24,468453.0,Thiès,Senegal,2025-06-08,2024-12-06,F,Standard,Transport,5,32929,164645,Cash,user66793@gmail.com,+221154133764,False,13.612396809077266,-18.69808338182482
887,57915,47,694145.0,Bamako,Cote dIvoire,2023-12-21,2022-09-30,M,Standard,Logistics,5,52481,262405,MobileMoney,user57915@companymail.com,00221347242692,yes,14.380115703402332,-24.06076894451884
888,14632,34,263098.0,Dakar,Cote dIvoire,2025-06-26,2023-03-29,Unknown,Budget,Transport,6,19582,117492,MobileMoney,user14632@companymail.com,+221168459294,False,13.598638306686475,-17.49420905077351
889,13596,26,1057777.0,Dakar,Cote dIvoire,2023-12-23,2023-04-29,M,Standard,Travel,4,51501,206004,Cash,user13596@example.com,+221427520909,yes,14.439608934390476,-20.67700889385303
890,16168,31,683907.0,Bamako,Senegal,2024-06-17,2023-03-13,,Standard,Transport,2,21348,42696,MobileMoney,user16168@yahoo.com,+221946003958,yes,14.732881857238763,-17.00454680220984
891,17561,23,663166.0,Dakar,Senegal,2023-03-12,2024-07-24,,Budget,Travel,6,46033,276198,MobileMoney,user17561@example.com,+221948769187,no,12.904138213239886,-12.746558755805943
892,83794,34,230130.0,Nouakchott,Cote dIvoire,2022-02-21,2024-11-30,MALE,Standard,Travel,3,48273,144819,Cash,user83794@gmail.com,+221 998882608,False,15.96135972419576,-15.091628067591287
893,92152,45,1247662.0,Dakar,Mauritania,2025-07-11,2025-07-29,male,Standard,Logistics,5,38858,194290,Card,user92152@outlook..com,+221 824759982,no,13.959144571060659,-12.790032513780066
894,36734,35,446312.0,Ziguinchor,Senegal,2023-05-26,2025-06-27,female,Standard,Equipment,2,25509,51018,MobileMoney,user36734@example.com,543432653,no,13.016231299429313,-19.084536064333474
895,16371,63,696506.0,Saint-Louis,Mali,2024-01-19,2022-06-20,Unknown,VIP,Transport,5,16725,83625,MobileMoney,user16371@yahoo.com,+221086194308,1,13.996785143436263,-17.829499000906594
896,36069,40,370759.0,Dakar,Cote dIvoire,2023-08-31,2023-06-01,,Budget,Consulting,7,11579,81053,BankTransfer,user36069@companymail.com,00221531772664,False,15.184516313240572,-20.53330859042334
897,89905,38,526252.0,Dakar,Cote dIvoire,2025-08-02,2022-02-18,male,VIP,Transport,2,57227,87546,Card,user89905@example.com,730083,0,14.866076399626607,-19.452130335120284
898,22910,24,537820.0,Bamako,Senegal,2022-01-09,2023-10-19,M,Standard,Transport,4,31438,125752,Card,user22910@outlook.com,+221 196109843,yes,15.544236229808924,-20.180654496858537
899,83479,32,82871.0,Abidjan,Cote dIvoire,2022-04-16,2022-11-10,F,Corporate,Logistics,3,21744,65232,Cheque,user83479@example.com,020448744,no,16.496692250151057,-21.32016890763587
900,87735,26,638241.0,Abidjan,Senegal,2023-02-11,2022-09-14,M,Standard,Logistics,3,21282,63846,BankTransfer,user87735@yahoo.com,160459088,yes,17.309880408016067,-13.302430124005976
901,91264,18,1463304.0,Kaolack,Senegal,2025-04-29,2023-02-23,M,NGO,Logistics,5,37014,185070,Cash,user91264@yahoo.com,+221037179880,1,15.270972325376105,-23.675880885079266
902,33275,47,622109.0,Abidjan,Mali,2023-03-06,2023-01-08,F,NGO,Transport,6,30262,181572,MobileMoney,user33275@yahoo.com,+221782520954,yes,12.561195225529005,-13.289583285586328
903,82274,29,253312.0,Bamako,Senegal,2024-08-18,2024-01-15,F,Standard,Transport,120,11968,1436160,Cash,user82274@gmail..com,+221319933250,yes,14.161778394939398,-13.661823225239305
904,91449,26,664626.0,Bamako,Senegal,2024-02-06,2022-02-18,,VIP,Transport,3,45374,136122,Cash,user91449@gmail.com,922267,True,12.691363231233982,-15.900621973563005
905,70004,38,849745.0,Kaolack,Cote dIvoire,2022-09-06,2024-06-15,M,Budget,Transport,5,39020,195100,Card,user70004@companymail.com,+221 472525369,no,18.093708147424564,-20.743521804282206
906,72981,41,611997.0,Bamako,Senegal,2024-11-29,2025-08-25,male,Standard,Transport,5,57079,285395,Card,user72981@yahoo.com,00221048437406,no,18.674801765054326,-22.14652533432962
907,94659,31,430424.0,Abidjan,Mauritania,2023-02-09,2023-03-03,M,VIP,Transport,5,48689,243445,BankTransfer,user94659@companymail.com,394561,no,16.000622394992686,-19.04521104379069
908,64553,35,389147.0,Saint-Louis,Senegal,2022-07-31,2023-10-26,male,Budget,Transport,7,-2178,-15246,MobileMoney,user64553@yahoo.com,029035436,yes,16.41691768527806,-15.524638630980228
909,58447,44,388177.0,Abidjan,Senegal,2022-08-31,2022-07-31,female,VIP,Equipment,4,500000,2000000,Cheque,user58447@gmail.com,528490,no,15.201886386473317,-17.390809087677976
910,44529,120,683970.0,Ziguinchor,Senegal,2022-10-28,2023-08-14,male,Corporate,Transport,5,250000,1250000,MobileMoney,user44529@companymail.com,497301797,no,15.432111830921581,-20.53049848528427
911,85703,39,193441.0,Dakar,Cote dIvoire,2023-02-03,2025-09-01,female,Standard,Consulting,5,26164,130820,Card,user85703@example.com,00221451858925,True,11.505091563341754,-13.955385646030528
912,86090,18,360007.0,Dakar,Cote dIvoire,2025-05-26,2024-06-26,F,Standard,Transport,2,29809,59618,MobileMoney,user86090@outlook.com,+221 489084097,no,14.552135269486179,-12.346850015455384
913,27260,20,1172172.0,Thiès,Senegal,2023-05-14,2023-09-09,Unknown,Standard,Travel,3,39941,119823,Cheque,user27260companymail,514219,no,12.93769387530748,-18.07979749204379
914,13812,42,1199626.0,Kaolack,Cote dIvoire,2022-04-09,2022-10-12,F,NGO,Logistics,2,22829,45658,MobileMoney,user13812@outlook.com,106857686,0,15.26271307507674,-17.071989289207963
915,38024,19,185371.0,Abidjan,Mali,2024-05-20,2024-10-19,F,Budget,Transport,3,32087,96261,MobileMoney,user38024@outlook.com,00221089417320,0,14.58078030922293,-21.926546050888486
916,68656,38,228240.0,Dakar,Senegal,2023-11-29,2022-03-21,,Budget,Logistics,2,47000,94000,BankTransfer,user68656@yahoo.com,+221386475916,0,18.593643924692227,-18.643160148327105
917,37285,33,382556.0,Abidjan,Cote dIvoire,2023-08-20,2025-12-06,M,Standard,Transport,9,41213,370917,Cash,user37285@companymail.com,+221004522204,False,16.53325537744568,-15.868680065997017
918,11605,31,768777.0,Abidjan,Senegal,2022-01-28,2022-05-08,female,Standard,Logistics,3,26999,80997,MobileMoney,user11605@yahoo.com,925528,0,15.269023965043289,-16.335430379226665
919,81158,25,150319.0,Dakar,Mauritania,2022-12-09,2024-06-09,male,Standard,Transport,3,47273,141819,BankTransfer,user81158@companymail.com,244424433,no,14.166120625720747,-18.92300354762912
920,82303,46,435442.0,Abidjan,Senegal,2025-09-06,2023-09-06,F,Standard,Travel,7,38635,270445,Cheque,user82303gmail,+221604195615,0,18.05204291751986,-18.22273052542934
921,37139,56,338573.0,Nouakchott,Cote dIvoire,2024-01-27,2023-12-30,M,Standard  ,Transport,3,38224,114672,Card,user37139@outlook.com,+221283221874,no,14.640090707746939,-18.741632209633654
922,87149,39,997075.0,Bamako,Senegal,2024-09-22,2024-12-11,M,Standard,Transport,3,28821,86463,MobileMoney,user87149@example.com,815652999,yes,15.363347923270554,-18.235394141155155
923,66138,39,164532.0,Abidjan,Senegal,2025-12-05,2022-02-16,,Standard,Equipment,1,34922,34922,MobileMoney,user66138@outlook.com,777807,no,14.784499208853669,-16.13029559244562
924,86125,27,475693.0,Nouakchott,Senegal,2025-09-30,2025-04-20,female,Corporate,Transport,2,25711,51422,Card,user86125@companymail.com,+221059048083,yes,13.891692188585354,-23.302611256107365
925,23918,21,355342.0,Bamako,Mali,2022-11-27,2022-04-05,M,Standard,Equipment,2,11713,130752,MobileMoney,user23918@companymail.com,568412,yes,14.77301244477104,-17.623048544423764
926,95655,35,1086946.0,Thiès,Mauritania,2022-06-05,2022-11-22,F,NGO,Logistics,5,31642,158210,Card,user95655@outlook.com,+221969526397,yes,10.776066298643368,-16.35007339312293
927,37446,23,644090.0,Abidjan,Mauritania,2024-09-17,2023-08-13,male,VIP,Equipment,3,33534,100602,Card,user37446@outlook.com,687062,yes,11.604587197517624,-19.11145405692323
928,23046,18,316638.0,Bamako,Senegal,2023-03-09,2022-03-16,Unknown,Standard,Transport,6,36647,219882,Card,user23046@yahoo.com,00221547144294,True,15.399261083339255,-18.837999131894644
929,34818,45,750905.0,Ziguinchor,Senegal,2025-07-09,2023-09-02,M,Standard,Equipment,4,49546,198184,MobileMoney,user34818@gmail.com,+221498602833,False,17.83639938105497,-18.751183322446348
930,14324,45,356363.0,Thiès,Senegal,2022-02-06,2025-09-27,M,Standard ,Equipment,4,27173,108692,Card,user14324@companymail..com,+221228464577,no,15.396442208288336,-18.837149920611477
931,86323,25,819624.0,Abidjan,Mali,2022-04-07,2024-07-14,,Standard,Transport,6,30587,183522,MobileMoney,user86323@outlook.com,+221895623565,True,13.259262290206692,-17.382348666448877
932,19111,38,390333.0,Dakar,Cote dIvoire,2025-10-23,2025-11-24,M,Standard,Transport,4,44194,176776,Card,user19111@outlook.com,+221164839166,yes,11.814292491865329,-17.01299172595865
933,48110,47,847294.0,Nouakchott,Senegal,2025-07-23,2022-01-05,M,Standard,Transport,4,25970,103880,Cash,user48110@companymail.com,+221 428868197,True,16.269054520951276,-23.701542948701398
934,26389,37,584582.0,Thiès,Mauritania,2025-07-04,2025-05-19,MALE,Budget,Travel,6,36845,221070,Cash,user26389@companymail.com,902779,no,13.565609697969798,-15.441358885583135
935,51427,21,3182882.0,Dakar,Senegal,2023-05-27,2023-03-08,male,Budget,Transport,5,30101,291494,Cash,,+221612816020,yes,15.98647083710512,-18.269996653040877
936,89579,32,435942.0,Saint-Louis,Mali,2025-06-11,2024-07-15,F,Budget,Logistics,2,32077,64154,,user89579@yahoo.com,+221 043991673,yes,15.479730316131434,-11.601110473594396
937,38746,51,566210.0,Dakar,Cote dIvoire,2024-12-09,2024-05-08,M,Standard,Transport,5,44098,220490,MobileMoney,user38746@outlook.com,+221566580883,no,15.656600784509378,-20.974945616696125
938,97886,38,337509.0,Bamako,Senegal,2025-10-16,2024-03-25,M,Standard,Transport,4,30519,122076,Cash,user97886@outlook.com,00221426178585,yes,14.767203414707112,-20.001943526262995
939,10117,41,450726.0,Nouakchott,Senegal,2024-05-19,2023-03-22,M,Standard,Logistics,2,44489,88978,Cash,user10117@example.com,+221214354532,no,15.467288769939282,-18.00872693574978
940,94471,39,88956.0,Abidjan,Senegal,2025-06-18,2024-05-02,,Standard,Travel,4,11571,46284,MobileMoney,user94471@gmail.com,544533,yes,14.46109119748733,-16.16032365094189
941,23234,25,595022.0,Dakar,Cote dIvoire,2024-06-01,2024-08-06,,Standard,Logistics,3,17845,53535,Card,user23234@yahoo.com,00221772644212,yes,13.429386931263592,-23.252301982114503
942,63441,28,1007243.0,Dakar,Mali,2024-02-22,2022-10-28,female,Standard,Equipment,4,7182,28728,Cheque,user63441@outlook.com,+221213460792,yes,12.773001878967897,-19.887300156348317
943,10846,39,570907.0,Abidjan,Senegal,2023-05-26,2022-01-21,,Standard,Logistics,2,21011,42022,MobileMoney,user10846@companymail.com,00221534951277,False,9.929982404058041,-15.626039518278468
944,20954,45,204574.0,Nouakchott,Senegal,2024-02-03,2022-09-24,,Standard,Transport,2,57282,114564,Card,user20954@gmail.com,+221719979407,yes,14.33778087519098,-20.244371839297628
945,89239,48,278154.0,Saint-Louis,Senegal,2022-12-14,2025-03-25,M,VIP,Transport,3,34790,104370,Card,user89239@example.com,+221030891738,yes,17.738756365903907,-13.289920870871317
946,56514,25,104703.0,Kaolack,Cote dIvoire,2023-12-09,2022-03-02,male,Budget,Logistics,5,26344,131720,MobileMoney,user56514@gmail.com,219402097,1,16.160160185075195,-18.761650796547215
947,98236,40,809650.0,Thiès,Mali,2023-05-18,2024-02-04,,Standard,Travel,3,44394,133182,Cash,user98236@example.com,+221327875274,True,15.155418236951915,-20.098119604025687
948,16469,49,246002.0,Abidjan,Senegal,2022-10-19,2025-05-08,Unknown,NGO,Travel,3,46088,138264,Cash,user16469@gmail.com,00221806792707,no,13.231990011421697,-15.56926722663144
949,40105,23,442315.0,Bamako,Senegal,2022-05-20,2025-08-29,M,Budget,Transport,5,20350,101750,Cash,user40105@example.com,+221696902648,True,16.694678451518154,-12.57714783952666
950,52101,53,410348.0,Thiès,Senegal,2022-05-10,2022-08-16,female,VIP,Transport,3,64978,194934,MobileMoney,user52101@yahoo.com,049460915,no,14.46138137639395,-16.150811223768308
951,74323,55,1098701.0,Thiès,Senegal,2025-07-17,2024-10-30,male,Corporate ,Transport,4,38316,153264,,user74323@yahoo.com,+221222104944,yes,17.849868627578118,-13.618711802330223
952,68067,67,473625.0,Abidjan,Senegal,2025-04-18,2023-07-04,,Corporate,Travel,5,39828,199140,Cash,user68067@example.com,+221 221435117,no,12.737825473410636,-12.370093978089107
953,59376,38,731124.0,Dakar,Senegal,2025-12-15,2023-04-13,M,Standard ,Travel,6,40967,245802,MobileMoney,user59376@gmail.com,+221421206545,no,13.200060944054687,-20.165576039782735
954,55587,38,624609.0,Thiès,Senegal,2025-08-15,2025-03-18,male,Standard,Equipment,4,40942,163768,Card,user55587@yahoo.com,244038724,no,13.005460111560742,-14.58482599782124
955,46976,45,1017287.0,Ziguinchor,Mauritania,2022-06-11,2025-05-14,,NGO,Transport,3,27542,182866,MobileMoney,user46976@outlook.com,+221786177159,1,11.735763259131973,-21.970411527910642
956,77584,45,389854.0,Dakar,Senegal,2024-03-30,2024-04-21,F,Standard,Logistics,6,60350,362100,Card,user77584@example.com,+221691469808,yes,12.825910629616475,-16.125292404640845
957,88477,49,1381627.0,Dakar,Senegal,2023-06-02,2024-09-17,,Corporate,Logistics,5,31578,157890,MobileMoney,user88477@outlook.com,+221571638565,1,14.906432519531835,-17.613953671544458
958,52533,44,136708.0,Abidjan,Senegal,2022-02-02,2024-02-27,M,VIP,Transport,2,46490,92980,Cheque,user52533@yahoo.com,567093503,no,13.275597950298744,-13.671149390873811
959,11828,34,752749.0,Abidjan,Senegal,2025-07-11,2023-07-10,F,Standard,Logistics,6,29301,175806,Cash,user11828@outlook.com,536915,no,6.9872493415188055,-13.883245461045476
960,11917,50,267542.0,Abidjan,Senegal,2024-06-26,2024-02-12,,Standard,Transport,3,27173,81519,Card,user11917@outlook.com,00221862656397,no,16.848546594840244,-15.690649948396791
961,30618,22,334822.0,Abidjan,Senegal,2025-10-29,2023-11-15,MALE,Standard,Transport,4,57822,287738,Card,user30618@outlook.com,+221 697051096,1,11.331812541305188,-16.504716301551543
962,42254,35,633270.0,Ziguinchor,Senegal,2025-02-14,2022-08-20,F,Budget,Travel,3,33700,101100,Card,user42254@companymail.com,488526,yes,15.878456569773274,-15.874893969834146
963,57362,54,630233.0,Abidjan,Cote dIvoire,2024-08-01,2024-10-01,F,NGO ,Equipment,11,-5000,-55000,Card,user57362@gmail.com,+221466970486,0,14.76242917933913,-17.214687385870363
964,30128,20,647491.0,Saint-Louis,Mauritania,2024-06-19,2023-09-17,,Standard,Transport,5,38403,192015,BankTransfer,user30128yahoo,107894,0,18.934745632840684,-17.58358722332371
965,69383,27,195890.0,Bamako,Cote dIvoire,2024-07-02,2022-02-27,M,VIP,Logistics,4,66221,264884,BankTransfer,user69383@gmail.com,514377475,yes,16.693914963045238,-13.07226548324267
966,75545,43,1073485.0,Nouakchott,Senegal,2022-04-06,2024-05-05,F,Budget,Transport,5,61025,305125,Card,user75545@gmail.com,+221392849935,False,13.690790809030052,-12.71133054096547
967,92180,40,262135.0,Dakar,Cote dIvoire,2023-03-11,2024-06-04,female,Standard,Equipment,6,50405,302430,MobileMoney,user92180@yahoo.com,00221597750021,1,13.295872875289376,-17.82497759310662
968,97958,24,283972.0,Saint-Louis,Mali,2022-05-07,2022-07-19,,Standard  ,Equipment,4,69243,276972,MobileMoney,user97958@companymail.com,+221567204731,no,17.70545536159857,-16.687090790967765
969,19865,30,659832.0,Kaolack,Senegal,2022-02-25,2025-05-11,female,Standard,Equipment,2,23665,47330,MobileMoney,user19865@example.com,826077243,yes,11.748257805797175,-17.155034325681676
970,12219,21,378878.0,Dakar,Senegal,2022-11-13,2025-05-05,female,Budget,Equipment,3,42871,277654,Card,user12219@companymail.com,+221 674474021,no,15.081759871837415,-22.235095325811585
971,60612,27,193600.0,Dakar,Senegal,2025-01-20,2023-03-17,M,VIP,Travel,4,30745,122980,MobileMoney,user60612@companymail.com,+221502664264,no,17.028929385024423,-21.86601805134557
972,19435,54,539086.0,Nouakchott,Cote dIvoire,2023-05-04,2024-02-26,F,Standard,Transport,4,38493,153972,MobileMoney,user19435@outlook.com,+221261398531,0,16.70627400661113,-15.616600555340316
973,21411,22,,Nouakchott,Senegal,2022-05-17,2022-03-31,F,Standard,Travel,3,54719,164157,Cheque,user21411@companymail.com,012656436,no,12.944445387128379,-21.299623222105357
974,89104,26,563370.0,,Cote dIvoire,2025-06-12,2025-04-21,male,Standard,Transport,5,22304,169407,Card,user89104@companymail.com,+221143702974,0,14.508773953176158,-19.12472648611711
975,52918,20,423606.0,Dakar,Senegal,2024-03-18,2025-11-02,Unknown,VIP,Logistics,2,51764,103528,Card,user52918@example.com,+221541975204,1,12.298712535357808,-18.518875530639377
976,66573,39,252990.0,Dakar,Mali,2023-03-28,2025-03-22,female,VIP,Travel,3,42567,127701,Cash,user66573@example.com,+221482249520,no,12.706265810486258,-15.337880273287485
977,45909,62,1477631.0,Dakar,Senegal,2025-12-11,2024-06-16,female,Standard,Travel,5,27841,139205,MobileMoney,user45909@outlook.com,058253,1,13.39891600791686,-15.133485280603232
978,47744,18,267574.0,Dakar,Senegal,2025-04-17,2024-02-16,F,Standard,Consulting,5,19795,95610,Card,user47744@companymail..com,+221 743594780,yes,16.553040368692887,-19.113510049311582
979,12219,21,378878.0,Dakar,Senegal,2022-11-13,2025-05-05,female,Budget,Equipment,3,42871,277654,Card,user12219@companymail.com,+221 674474021,no,15.081759871837415,-22.235095325811585
980,38693,45,204880.0,Thiès,Mauritania,2023-01-12,2024-12-27,Unknown,Standard,Travel,3,42000,126000,Card,user38693@example.com,+221 808850574,0,14.787280264931475,-16.720248212918076
981,30384,43,762615.0,Abidjan,Senegal,2024-12-20,2024-11-09,F,Standard,Transport,4,60148,240592,Cash,user30384@yahoo.com,+221503375143,yes,14.583969811212139,-20.517981896634222
982,90642,40,372156.0,Dakar,Senegal,2024-07-30,2024-04-17,M,Budget,Logistics,3,54562,163686,Card,user90642@companymail.com,00221035778412,no,12.719147275921168,-15.590411780823944
983,64886,28,472439.0,Kaolack,Senegal,2022-02-25,2023-04-05,M,Budget	,Travel,2,11771,23542,BankTransfer,user64886@gmail.com,+221737526264,0,13.379337474399767,-16.83132041847397
984,49749,46,945573.0,Saint-Louis,Senegal,2022-06-12,2025-06-02,Unknown,Corporate,Travel,1,53689,53689,MobileMoney,user49749gmail,365738,no,16.26794628598523,-19.716494060593952
985,61745,41,439192.0,Dakar,Senegal,2023-11-27,2023-06-16,male,Corporate,Equipment,4,40404,161616,BankTransfer,user61745@gmail.com,+221 108040446,no,13.474284010651186,-20.762547803434863
986,10384,19,669442.0,Saint-Louis,Mali,2024-02-13,2023-08-02,,Standard,Transport,5,37862,189310,MobileMoney,user10384@yahoo.com,+221 483513810,no,13.630284188987604,-12.377941717688287
987,14014,40,410169.0,Abidjan,Mali,2024-03-08,2024-04-08,female,NGO,Transport,9,44172,397548,Cash,user14014@gmail.com,00221775095968,yes,16.793601806982693,-15.215285678082402
988,87149,39,997075.0,Bamako,Senegal,2024-09-22,2024-12-11,M,Standard,Transport,3,28821,86463,MobileMoney,user87149@example.com,815652999,yes,15.363347923270554,-18.235394141155155
989,18571,27,,Bamako,Senegal,2022-07-10,2023-06-21,male,Corporate,Consulting,3,55156,165468,Cash,user18571@outlook.com,+221164955597,True,16.86524984200442,-18.045186108182588
990,65123,28,464797.0,Thiès,Mauritania,2025-05-10,2024-03-11,male,Standard,Equipment,5,-5000,-25000,BankTransfer,user65123@example..com,+221103724944,no,12.309858872969887,-17.132436908284365
991,20492,24,,Abidjan,Senegal,2024-06-04,2024-03-07,Unknown,Standard,Consulting,6,20477,122862,Card,user20492@companymail.com,+221243577306,no,14.549295517480886,-16.953171611276133
992,61934,28,481704.0,Abidjan,Cote dIvoire,2025-12-18,2025-11-16,Unknown,Standard,Equipment,3,39658,118974,MobileMoney,user61934@gmail.com,+221957413013,True,17.770667433277026,-21.227559614043983
993,47131,35,,Saint-Louis,Senegal,2025-03-16,2025-02-14,female,Corporate,Transport,5,30158,150790,Card,user47131@example.com,+221866463403,yes,17.1080022601713,-21.52596204617706
994,48360,45,483919.0,Saint-Louis,Cote dIvoire,2023-02-09,2022-06-21,male,Standard,Transport,3,27122,180250,BankTransfer,user48360@yahoo.com,707179364,yes,18.09072698835987,-19.40166971065994
995,12747,18,433232.0,Bamako,Senegal,2024-09-28,2025-11-16,,Standard,Travel,3,34829,104487,BankTransfer,user12747@example.com,00221152016317,no,17.47356131457042,-14.81944763934577
996,65591,51,627959.0,Saint-Louis,Senegal,2025-10-25,2022-08-28,Unknown,Standard,Transport,3,42353,127059,Card,user65591@companymail.com,365119,yes,17.750606584149182,-14.943275080958147
997,21938,29,295368.0,Ziguinchor,Senegal,2023-09-13,2024-12-15,M,Budget,Travel,8,31327,365573,BankTransfer,user21938@companymail..com,+221561957513,1,,-16.61487814957098
998,25708,22,379949.0,Nouakchott,Mauritania,2024-10-21,2025-04-23,M,Budget  ,Equipment,5,33830,169150,,user25708@companymail.com,379164,yes,16.37849569078119,-16.64301007988497
999,48494,52,284023.0,Saint-Louis,Mauritania,2023-11-25,2024-02-22,Unknown,NGO,Transport,8,50764,406112,MobileMoney,user48494@example.com,+221357633494,yes,,-21.7960211503349
1000,47892,37,884451.0,Saint-Louis,Mali,2024-09-27,2025-01-20,F,Standard,Transport,3,43234,187821,BankTransfer,user47892@outlook.com,582660,yes,12.171325396475286,-17.652388749447706
